date,usd_rate,oil_price,bond_yield_price,interest_rate,inflation_rate
2015-01-02,91.08,52.69,2.114,0.12,1.71
2015-01-05,91.38,50.04,2.034,0.12,1.64
2015-01-06,91.5,47.93,1.938,0.12,1.56
2015-01-07,91.89,48.65,1.969,0.12,1.57
2015-01-08,92.37,48.79,2.018,0.12,1.62
2015-01-09,91.94,48.36,1.95,0.12,1.62
2015-01-12,91.98,46.07,1.909,0.12,1.57
2015-01-13,92.31,45.89,1.905,0.12,1.54
2015-01-14,92.16,48.48,1.855,0.12,1.57
2015-01-15,92.35,46.25,1.728,0.12,1.58
2015-01-16,92.52,48.69,1.831,0.13,1.6
2015-01-20,93.05,46.39,1.791,0.12,1.59
2015-01-21,92.9,47.78,1.875,0.12,1.61
2015-01-22,94.08,46.31,1.872,0.12,1.61
2015-01-23,94.76,45.59,1.789,0.12,1.6
2015-01-26,94.8,45.15,1.828,0.12,1.61
2015-01-27,94.02,46.23,1.828,0.11,1.66
2015-01-28,94.47,44.45,1.719,0.12,1.61
2015-01-29,94.78,44.53,1.756,0.11,1.62
2015-01-30,94.8,48.24,1.639,0.06,1.65
2015-02-02,94.5,49.57,1.674,0.12,1.65
2015-02-03,93.6,53.05,1.798,0.12,1.7
2015-02-04,93.99,48.45,1.747,0.11,1.71
2015-02-05,93.57,50.48,1.817,0.12,1.7
2015-02-06,95.85,51.69,1.958,0.11,1.71
2015-02-09,94.45,52.86,1.978,0.12,1.71
2015-02-10,94.76,50.02,2.004,0.12,1.7
2015-02-11,94.98,48.84,2.021,0.12,1.68
2015-02-12,94.09,51.21,1.988,0.12,1.66
2015-02-13,94.2,52.78,2.047,0.12,1.68
2015-02-17,94.06,53.53,2.145,0.12,1.71
2015-02-18,94.2,52.14,2.085,0.12,1.71
2015-02-19,94.4,51.16,2.122,0.12,1.74
2015-02-20,94.34,50.34,2.115,0.12,1.75
2015-02-23,94.57,49.45,2.061,0.11,1.72
2015-02-24,94.49,49.28,1.972,0.11,1.72
2015-02-25,94.21,50.99,1.972,0.11,1.72
2015-02-26,95.29,48.17,2.031,0.11,1.79
2015-02-27,95.32,49.76,1.996,0.06,1.83
2015-03-02,95.46,49.59,2.089,0.12,1.83
2015-03-03,95.38,50.52,2.122,0.12,1.86
2015-03-04,95.97,51.53,2.119,0.11,1.87
2015-03-05,96.38,50.76,2.117,0.11,1.84
2015-03-06,97.61,49.61,2.247,0.12,1.83
2015-03-09,97.59,50.0,2.192,0.12,1.76
2015-03-10,98.62,48.29,2.121,0.12,1.73
2015-03-11,99.8,48.17,2.109,0.11,1.72
2015-03-12,99.44,47.05,2.11,0.11,1.71
2015-03-13,100.33,44.84,2.118,0.11,1.69
2015-03-16,99.6,43.88,2.074,0.12,1.65
2015-03-17,99.58,43.46,2.052,0.12,1.64
2015-03-18,98.55,44.66,1.918,0.11,1.7
2015-03-19,99.26,43.96,1.97,0.12,1.79
2015-03-20,97.91,45.72,1.932,0.12,1.76
2015-03-23,97.03,47.45,1.909,0.12,1.75
2015-03-24,97.19,47.51,1.873,0.11,1.77
2015-03-25,96.98,49.21,1.927,0.12,1.81
2015-03-26,97.44,51.43,1.996,0.11,1.8
2015-03-27,97.29,48.87,1.96,0.12,1.76
2015-03-30,97.97,48.68,1.953,0.12,1.73
2015-03-31,98.36,47.6,1.927,0.06,1.76
2015-04-01,98.19,50.09,1.859,0.12,1.8
2015-04-02,97.44,49.14,1.913,0.12,1.81
2015-04-03,96.55,49.14,1.842,0.12,1.83
2015-04-06,96.78,52.14,1.899,0.13,1.85
2015-04-07,97.83,53.98,1.887,0.12,1.85
2015-04-08,97.94,50.42,1.906,0.12,1.84
2015-04-09,99.16,50.79,1.963,0.12,1.84
2015-04-10,99.34,51.64,1.949,0.12,1.82
2015-04-13,99.49,51.91,1.93,0.13,1.8
2015-04-14,98.73,53.29,1.9,0.13,1.8
2015-04-15,98.32,56.39,1.89,0.13,1.84
2015-04-16,97.42,56.71,1.895,0.13,1.85
2015-04-17,97.52,55.74,1.865,0.13,1.89
2015-04-20,97.94,56.38,1.886,0.13,1.89
2015-04-21,98.0,55.26,1.911,0.13,1.86
2015-04-22,97.93,56.16,1.982,0.13,1.87
2015-04-23,97.28,57.74,1.954,0.13,1.89
2015-04-24,96.92,57.15,1.914,0.13,1.89
2015-04-27,96.77,56.99,1.926,0.13,1.91
2015-04-28,96.09,57.06,2.003,0.13,1.89
2015-04-29,95.21,58.58,2.046,0.13,1.92
2015-04-30,94.6,59.63,2.035,0.08,1.94
2015-05-01,95.3,59.15,2.112,0.13,1.94
2015-05-04,95.48,58.93,2.146,0.13,1.92
2015-05-05,95.08,60.4,2.182,0.13,1.94
2015-05-06,94.09,60.93,2.252,0.13,1.91
2015-05-07,94.64,58.94,2.178,0.13,1.88
2015-05-08,94.79,59.39,2.142,0.13,1.88
2015-05-11,95.01,59.25,2.287,0.13,1.88
2015-05-12,94.53,60.75,2.247,0.13,1.88
2015-05-13,93.62,60.5,2.295,0.13,1.86
2015-05-14,93.46,59.88,2.235,0.13,1.87
2015-05-15,93.14,59.69,2.148,0.13,1.83
2015-05-18,94.22,59.43,2.234,0.13,1.86
2015-05-19,95.27,57.26,2.29,0.12,1.85
2015-05-20,95.45,58.98,2.257,0.12,1.88
2015-05-21,95.25,60.72,2.195,0.12,1.84
2015-05-22,96.11,59.72,2.215,0.13,1.87
2015-05-26,97.3,58.03,2.142,0.12,1.82
2015-05-27,97.37,57.51,2.13,0.12,1.8
2015-05-28,96.97,57.68,2.135,0.12,1.8
2015-05-29,96.91,60.3,2.123,0.08,1.8
2015-06-01,97.39,60.2,2.183,0.12,1.8
2015-06-02,95.83,61.26,2.266,0.12,1.83
2015-06-03,95.47,59.64,2.361,0.13,1.83
2015-06-04,95.46,58.0,2.309,0.13,1.81
2015-06-05,96.31,59.13,2.409,0.13,1.86
2015-06-08,95.3,58.14,2.382,0.13,1.85
2015-06-09,95.17,60.14,2.442,0.13,1.86
2015-06-10,94.65,61.43,2.486,0.13,1.87
2015-06-11,94.98,60.77,2.381,0.13,1.83
2015-06-12,94.97,59.96,2.39,0.13,1.84
2015-06-15,94.81,59.52,2.36,0.13,1.85
2015-06-16,95.0,59.97,2.309,0.14,1.88
2015-06-17,94.3,59.92,2.32,0.14,1.9
2015-06-18,94.04,60.45,2.334,0.14,1.89
2015-06-19,94.08,59.61,2.261,0.13,1.86
2015-06-22,94.33,59.68,2.374,0.13,1.9
2015-06-23,95.43,61.01,2.414,0.13,1.92
2015-06-24,95.26,60.27,2.373,0.13,1.9
2015-06-25,95.19,59.7,2.412,0.13,1.91
2015-06-26,95.47,59.63,2.474,0.13,1.92
2015-06-29,94.79,58.33,2.328,0.14,1.87
2015-06-30,95.48,59.47,2.349,0.08,1.87
2015-07-01,96.31,56.96,2.427,0.13,1.89
2015-07-02,96.11,56.93,2.386,0.13,1.91
2015-07-06,96.3,52.53,2.29,0.13,1.87
2015-07-07,96.86,52.33,2.255,0.13,1.87
2015-07-08,96.29,51.65,2.197,0.13,1.83
2015-07-09,96.61,52.78,2.317,0.13,1.85
2015-07-10,96.03,52.74,2.401,0.13,1.87
2015-07-13,96.86,52.2,2.446,0.13,1.86
2015-07-14,96.64,53.04,2.397,0.13,1.85
2015-07-15,97.17,51.41,2.356,0.13,1.84
2015-07-16,97.67,50.91,2.356,0.14,1.84
2015-07-17,97.86,50.89,2.347,0.13,1.83
2015-07-20,98.03,50.15,2.38,0.14,1.82
2015-07-21,97.33,50.36,2.331,0.13,1.82
2015-07-22,97.6,49.19,2.327,0.13,1.8
2015-07-23,97.11,48.45,2.269,0.13,1.79
2015-07-24,97.24,48.14,2.262,0.13,1.76
2015-07-27,96.5,47.39,2.216,0.14,1.73
2015-07-28,96.77,47.98,2.25,0.14,1.75
2015-07-29,96.98,48.79,2.289,0.14,1.77
2015-07-30,97.56,48.52,2.257,0.14,1.77
2015-07-31,97.34,47.12,2.187,0.08,1.74
2015-08-03,97.49,45.17,2.15,0.14,1.7
2015-08-04,97.93,45.74,2.223,0.14,1.71
2015-08-05,97.96,45.15,2.27,0.14,1.7
2015-08-06,97.83,44.66,2.227,0.14,1.67
2015-08-07,97.56,43.87,2.166,0.14,1.66
2015-08-10,97.16,44.96,2.232,0.14,1.69
2015-08-11,97.29,43.08,2.143,0.15,1.66
2015-08-12,96.26,43.3,2.148,0.15,1.62
2015-08-13,96.44,42.23,2.189,0.15,1.62
2015-08-14,96.52,42.5,2.201,0.14,1.62
2015-08-17,96.81,41.87,2.17,0.15,1.58
2015-08-18,97.04,42.62,2.192,0.15,1.58
2015-08-19,96.36,40.8,2.129,0.15,1.57
2015-08-20,95.98,41.14,2.073,0.15,1.56
2015-08-21,95.01,40.45,2.045,0.15,1.53
2015-08-24,93.33,38.24,2.012,0.15,1.49
2015-08-25,94.53,39.31,2.078,0.15,1.53
2015-08-26,95.1,38.6,2.18,0.14,1.53
2015-08-27,95.61,42.56,2.191,0.14,1.58
2015-08-28,96.11,45.22,2.184,0.14,1.61
2015-08-31,95.82,49.2,2.214,0.08,1.63
2015-09-01,95.45,45.41,2.159,0.14,1.57
2015-09-02,95.83,46.25,2.188,0.14,1.56
2015-09-03,96.41,46.75,2.163,0.14,1.54
2015-09-04,96.23,46.05,2.131,0.14,1.51
2015-09-08,95.98,45.94,2.186,0.14,1.53
2015-09-09,96.01,44.15,2.195,0.14,1.56
2015-09-10,95.46,45.92,2.227,0.14,1.59
2015-09-11,95.19,44.63,2.187,0.14,1.59
2015-09-14,95.25,44.0,2.183,0.14,1.56
2015-09-15,95.61,44.59,2.292,0.14,1.56
2015-09-16,95.42,47.15,2.296,0.14,1.57
2015-09-17,94.55,46.9,2.192,0.14,1.58
2015-09-18,94.86,44.68,2.134,0.14,1.55
2015-09-21,95.89,46.68,2.199,0.14,1.54
2015-09-22,96.28,45.83,2.132,0.14,1.51
2015-09-23,96.07,44.48,2.151,0.14,1.52
2015-09-24,96.69,44.91,2.128,0.14,1.49
2015-09-25,96.27,45.7,2.166,0.13,1.46
2015-09-28,96.03,44.43,2.098,0.13,1.39
2015-09-29,95.86,45.23,2.06,0.13,1.39
2015-09-30,96.35,45.09,2.035,0.07,1.41
2015-10-01,96.19,44.74,2.042,0.13,1.46
2015-10-02,95.83,45.54,1.991,0.13,1.48
2015-10-05,96.11,46.26,2.058,0.13,1.51
2015-10-06,95.45,48.53,2.035,0.13,1.52
2015-10-07,95.5,47.81,2.065,0.13,1.55
2015-10-08,95.32,49.43,2.102,0.13,1.58
2015-10-09,94.81,49.63,2.09,0.13,1.54
2015-10-13,94.76,46.66,2.042,0.13,1.52
2015-10-14,93.93,46.64,1.975,0.13,1.49
2015-10-15,94.37,46.38,2.019,0.13,1.5
2015-10-16,94.54,47.26,2.035,0.13,1.48
2015-10-19,94.93,45.89,2.023,0.13,1.45
2015-10-20,94.91,45.55,2.069,0.13,1.48
2015-10-21,95.03,45.2,2.028,0.13,1.45
2015-10-22,96.38,45.38,2.028,0.12,1.47
2015-10-23,97.13,44.6,2.087,0.12,1.51
2015-10-26,96.86,43.98,2.058,0.12,1.48
2015-10-27,96.91,43.2,2.037,0.12,1.48
2015-10-28,97.78,45.94,2.101,0.12,1.47
2015-10-29,97.28,46.06,2.172,0.12,1.52
2015-10-30,96.95,46.59,2.146,0.07,1.53
2015-11-02,96.93,46.14,2.176,0.12,1.55
2015-11-03,97.16,47.9,2.218,0.12,1.58
2015-11-04,97.95,46.32,2.227,0.12,1.57
2015-11-05,97.94,45.2,2.236,0.12,1.55
2015-11-06,99.17,44.29,2.325,0.12,1.59
2015-11-09,98.98,43.87,2.349,0.12,1.6
2015-11-10,99.29,44.21,2.336,0.12,1.55
2015-11-12,98.65,41.75,2.315,0.12,1.54
2015-11-13,99.0,40.74,2.275,0.12,1.52
2015-11-16,99.44,41.74,2.271,0.13,1.51
2015-11-17,99.63,40.67,2.268,0.13,1.53
2015-11-18,99.65,40.75,2.273,0.12,1.56
2015-11-19,98.99,40.54,2.247,0.12,1.56
2015-11-20,99.56,40.39,2.264,0.12,1.6
2015-11-23,99.8,41.75,2.243,0.12,1.61
2015-11-24,99.53,42.87,2.239,0.12,1.62
2015-11-25,99.8,43.04,2.234,0.12,1.61
2015-11-27,100.02,41.71,2.222,0.12,1.6
2015-11-30,100.17,41.65,2.208,0.08,1.59
2015-12-01,99.8,41.85,2.145,0.13,1.57
2015-12-02,99.99,39.94,2.178,0.13,1.56
2015-12-03,97.62,41.08,2.321,0.13,1.61
2015-12-04,98.35,39.97,2.273,0.13,1.6
2015-12-07,98.66,37.65,2.236,0.13,1.56
2015-12-08,98.47,37.51,2.222,0.13,1.56
2015-12-09,97.34,37.16,2.211,0.14,1.53
2015-12-10,97.94,36.76,2.234,0.14,1.51
2015-12-11,97.56,35.62,2.132,0.14,1.46
2015-12-14,97.6,36.31,2.225,0.15,1.45
2015-12-15,98.22,37.35,2.268,0.15,1.48
2015-12-16,97.87,35.52,2.298,0.15,1.46
2015-12-17,99.27,34.95,2.225,0.37,1.47
2015-12-18,98.7,34.73,2.204,0.37,1.46
2015-12-21,98.36,34.74,2.195,0.36,1.45
2015-12-22,98.23,36.14,2.237,0.36,1.46
2015-12-23,98.34,37.5,2.259,0.36,1.51
2015-12-24,97.98,38.1,2.245,0.36,1.52
2015-12-28,97.92,36.81,2.232,0.36,1.5
2015-12-29,98.1,37.87,2.308,0.36,1.53
2015-12-30,98.27,36.6,2.294,0.35,1.54
2015-12-31,98.63,37.04,2.269,0.2,1.54
2016-01-04,98.87,36.76,2.243,0.36,1.55
2016-01-05,99.4,35.97,2.239,0.36,1.56
2016-01-06,99.18,33.97,2.17,0.36,1.53
2016-01-07,98.22,33.27,2.149,0.36,1.5
2016-01-08,98.54,33.16,2.116,0.36,1.48
2016-01-11,98.72,31.41,2.175,0.36,1.45
2016-01-12,98.97,30.44,2.105,0.36,1.43
2016-01-13,98.93,30.48,2.091,0.36,1.43
2016-01-14,99.09,31.2,2.091,0.36,1.43
2016-01-15,98.96,29.42,2.037,0.36,1.36
2016-01-19,98.99,28.46,2.056,0.36,1.38
2016-01-20,99.09,26.55,1.988,0.37,1.32
2016-01-21,99.06,29.53,2.028,0.37,1.28
2016-01-22,99.57,32.19,2.057,0.38,1.35
2016-01-25,99.36,30.34,2.006,0.38,1.34
2016-01-26,99.36,31.45,2.003,0.38,1.36
2016-01-27,98.9,32.3,2.003,0.38,1.4
2016-01-28,98.51,33.22,1.982,0.38,1.42
2016-01-29,99.61,33.62,1.923,0.29,1.41
2016-02-01,99.01,31.62,1.95,0.38,1.4
2016-02-02,98.87,29.88,1.852,0.38,1.36
2016-02-03,97.29,32.28,1.883,0.38,1.38
2016-02-04,96.47,31.72,1.846,0.38,1.36
2016-02-05,97.03,30.89,1.843,0.38,1.33
2016-02-08,96.57,29.69,1.748,0.38,1.23
2016-02-09,96.07,27.94,1.731,0.38,1.21
2016-02-10,95.89,27.45,1.673,0.38,1.21
2016-02-11,95.56,26.21,1.664,0.38,1.18
2016-02-12,95.94,29.44,1.746,0.38,1.25
2016-02-16,96.87,29.04,1.779,0.38,1.25
2016-02-17,96.79,30.66,1.816,0.37,1.28
2016-02-18,96.95,30.77,1.741,0.38,1.24
2016-02-19,96.6,29.64,1.743,0.38,1.26
2016-02-22,97.38,31.48,1.755,0.38,1.31
2016-02-23,97.48,31.87,1.716,0.38,1.32
2016-02-24,97.46,32.15,1.752,0.38,1.36
2016-02-25,97.29,33.07,1.714,0.37,1.39
2016-02-26,98.15,32.78,1.764,0.37,1.41
2016-02-29,98.21,33.75,1.738,0.29,1.42
2016-03-01,98.35,34.4,1.827,0.36,1.48
2016-03-02,98.21,34.66,1.835,0.37,1.51
2016-03-03,97.59,34.57,1.835,0.37,1.53
2016-03-04,97.34,35.92,1.876,0.36,1.51
2016-03-07,97.07,37.9,1.904,0.36,1.48
2016-03-08,97.21,36.5,1.831,0.36,1.46
2016-03-09,97.17,38.29,1.88,0.36,1.51
2016-03-10,96.07,37.84,1.936,0.36,1.48
2016-03-11,96.17,38.5,1.98,0.36,1.54
2016-03-14,96.62,37.18,1.961,0.36,1.52
2016-03-15,96.63,36.34,1.968,0.37,1.5
2016-03-16,95.89,38.46,1.913,0.37,1.58
2016-03-17,94.76,40.2,1.898,0.37,1.57
2016-03-18,95.09,39.44,1.877,0.37,1.61
2016-03-21,95.29,39.91,1.917,0.37,1.64
2016-03-22,95.65,41.45,1.944,0.37,1.63
2016-03-23,96.05,39.79,1.879,0.37,1.58
2016-03-24,96.14,39.46,1.9,0.37,1.57
2016-03-28,95.94,39.39,1.883,0.37,1.56
2016-03-29,95.16,38.28,1.804,0.37,1.61
2016-03-30,94.84,38.32,1.828,0.37,1.65
2016-03-31,94.59,38.34,1.77,0.25,1.62
2016-04-01,94.62,36.79,1.774,0.37,1.62
2016-04-04,94.51,35.7,1.762,0.37,1.64
2016-04-05,94.63,35.89,1.72,0.37,1.59
2016-04-06,94.43,37.75,1.758,0.37,1.59
2016-04-07,94.48,37.26,1.687,0.37,1.58
2016-04-08,94.23,39.72,1.717,0.37,1.58
2016-04-11,93.95,40.36,1.722,0.37,1.56
2016-04-12,93.96,42.17,1.776,0.37,1.57
2016-04-13,94.74,41.76,1.766,0.37,1.56
2016-04-14,94.9,41.5,1.792,0.37,1.56
2016-04-15,94.7,40.36,1.753,0.37,1.56
2016-04-18,94.49,39.78,1.771,0.37,1.57
2016-04-19,93.98,41.08,1.787,0.37,1.6
2016-04-20,94.49,42.63,1.845,0.37,1.62
2016-04-21,94.6,43.18,1.865,0.37,1.64
2016-04-22,95.12,43.73,1.891,0.37,1.64
2016-04-25,94.84,42.64,1.914,0.37,1.65
2016-04-26,94.57,44.04,1.931,0.37,1.67
2016-04-27,94.39,45.33,1.852,0.37,1.68
2016-04-28,93.76,46.03,1.824,0.37,1.72
2016-04-29,93.08,45.92,1.835,0.3,1.71
2016-05-02,92.63,44.78,1.872,0.37,1.68
2016-05-03,92.94,43.65,1.796,0.37,1.64
2016-05-04,93.18,43.78,1.777,0.37,1.63
2016-05-05,93.78,44.32,1.742,0.37,1.63
2016-05-06,93.89,44.66,1.779,0.37,1.61
2016-05-09,94.13,43.44,1.751,0.37,1.59
2016-05-10,94.29,44.66,1.754,0.37,1.62
2016-05-11,93.82,46.23,1.735,0.37,1.59
2016-05-12,94.15,46.7,1.748,0.37,1.6
2016-05-13,94.61,46.21,1.702,0.37,1.58
2016-05-16,94.57,47.72,1.757,0.37,1.6
2016-05-17,94.55,48.31,1.772,0.37,1.61
2016-05-18,95.08,48.19,1.859,0.37,1.61
2016-05-19,95.29,48.16,1.847,0.37,1.56
2016-05-20,95.33,47.75,1.844,0.37,1.56
2016-05-23,95.23,48.08,1.835,0.37,1.54
2016-05-24,95.57,48.62,1.865,0.37,1.55
2016-05-25,95.35,49.56,1.872,0.37,1.58
2016-05-26,95.17,49.48,1.83,0.37,1.58
2016-05-27,95.52,49.33,1.851,0.37,1.58
2016-05-31,95.89,49.1,1.851,0.29,1.54
2016-06-01,95.45,49.01,1.839,0.37,1.54
2016-06-02,95.56,49.17,1.799,0.37,1.54
2016-06-03,94.03,48.62,1.702,0.37,1.52
2016-06-06,93.9,49.69,1.737,0.37,1.54
2016-06-07,93.83,50.36,1.716,0.37,1.57
2016-06-08,93.59,51.23,1.704,0.37,1.59
2016-06-09,93.95,50.56,1.682,0.37,1.56
2016-06-10,94.57,49.07,1.644,0.37,1.52
2016-06-13,94.36,48.88,1.613,0.37,1.47
2016-06-14,94.93,48.49,1.613,0.37,1.45
2016-06-15,94.61,48.01,1.575,0.37,1.47
2016-06-16,94.57,46.21,1.579,0.38,1.42
2016-06-17,94.21,47.98,1.611,0.38,1.42
2016-06-20,93.61,49.37,1.678,0.38,1.43
2016-06-21,94.02,48.85,1.709,0.38,1.43
2016-06-22,93.72,49.13,1.687,0.38,1.44
2016-06-23,93.53,50.11,1.744,0.39,1.5
2016-06-24,95.45,47.64,1.562,0.4,1.42
2016-06-27,96.54,46.33,1.444,0.41,1.34
2016-06-28,96.25,47.85,1.465,0.41,1.37
2016-06-29,95.77,49.88,1.517,0.41,1.4
2016-06-30,96.14,48.33,1.475,0.3,1.4
2016-07-01,95.65,48.99,1.456,0.41,1.43
2016-07-05,96.17,46.6,1.375,0.4,1.4
2016-07-06,96.05,47.43,1.373,0.4,1.43
2016-07-07,96.33,45.14,1.385,0.4,1.43
2016-07-08,96.3,45.41,1.358,0.4,1.43
2016-07-11,96.57,44.76,1.43,0.4,1.42
2016-07-12,96.44,46.8,1.507,0.4,1.46
2016-07-13,96.22,44.75,1.473,0.4,1.45
2016-07-14,96.08,45.68,1.537,0.4,1.45
2016-07-15,96.58,45.95,1.558,0.4,1.49
2016-07-18,96.56,45.24,1.582,0.4,1.49
2016-07-19,97.06,44.65,1.558,0.4,1.44
2016-07-20,97.2,44.94,1.58,0.4,1.46
2016-07-21,97.0,44.75,1.556,0.4,1.52
2016-07-22,97.47,44.19,1.566,0.4,1.51
2016-07-25,97.29,43.13,1.575,0.4,1.5
2016-07-26,97.16,42.92,1.563,0.4,1.5
2016-07-27,97.05,41.92,1.503,0.4,1.49
2016-07-28,96.74,41.14,1.508,0.4,1.52
2016-07-29,95.53,41.6,1.45,0.3,1.49
2016-08-01,95.71,40.06,1.52,0.4,1.46
2016-08-02,95.06,39.51,1.554,0.4,1.44
2016-08-03,95.56,40.83,1.545,0.4,1.46
2016-08-04,95.76,41.93,1.503,0.4,1.47
2016-08-05,96.19,41.8,1.59,0.4,1.5
2016-08-08,96.4,43.02,1.592,0.4,1.51
2016-08-09,96.18,42.77,1.549,0.4,1.49
2016-08-10,95.65,41.71,1.513,0.4,1.44
2016-08-11,95.86,43.49,1.561,0.4,1.47
2016-08-12,95.72,44.49,1.51,0.4,1.44
2016-08-15,95.63,45.74,1.558,0.4,1.45
2016-08-16,94.79,46.58,1.575,0.4,1.44
2016-08-17,94.72,46.79,1.549,0.4,1.47
2016-08-18,94.16,48.22,1.534,0.4,1.47
2016-08-19,94.51,48.52,1.58,0.4,1.48
2016-08-22,94.52,47.05,1.544,0.4,1.47
2016-08-23,94.54,48.1,1.546,0.4,1.48
2016-08-24,94.79,46.77,1.563,0.4,1.48
2016-08-25,94.77,47.33,1.578,0.4,1.49
2016-08-26,95.57,47.64,1.628,0.4,1.47
2016-08-29,95.58,46.98,1.563,0.4,1.46
2016-08-30,96.05,46.35,1.57,0.4,1.46
2016-08-31,96.02,44.7,1.578,0.3,1.47
2016-09-01,95.65,43.16,1.568,0.4,1.45
2016-09-02,95.84,44.44,1.607,0.4,1.47
2016-09-06,94.82,44.83,1.536,0.4,1.49
2016-09-07,94.96,45.5,1.536,0.4,1.51
2016-09-08,95.03,47.62,1.601,0.4,1.52
2016-09-09,95.34,45.88,1.675,0.4,1.5
2016-09-12,95.09,46.29,1.666,0.4,1.51
2016-09-13,95.63,44.9,1.729,0.4,1.49
2016-09-14,95.33,43.58,1.698,0.4,1.49
2016-09-15,95.29,43.91,1.698,0.4,1.49
2016-09-16,96.11,43.03,1.694,0.4,1.51
2016-09-19,95.84,43.3,1.707,0.4,1.5
2016-09-20,96.02,43.44,1.693,0.4,1.49
2016-09-21,95.66,45.34,1.655,0.4,1.51
2016-09-22,95.45,46.32,1.618,0.4,1.55
2016-09-23,95.48,44.48,1.62,0.4,1.57
2016-09-26,95.3,45.93,1.584,0.4,1.54
2016-09-27,95.44,44.67,1.56,0.4,1.52
2016-09-28,95.43,47.05,1.572,0.4,1.56
2016-09-29,95.53,47.83,1.558,0.4,1.54
2016-09-30,95.46,48.24,1.598,0.29,1.6
2016-10-03,95.69,48.81,1.627,0.4,1.63
2016-10-04,96.17,48.69,1.69,0.4,1.62
2016-10-05,96.12,49.83,1.706,0.4,1.62
2016-10-06,96.77,50.44,1.739,0.4,1.64
2016-10-07,96.63,49.81,1.723,0.4,1.63
2016-10-11,97.69,50.79,1.767,0.41,1.64
2016-10-12,97.97,50.18,1.771,0.41,1.64
2016-10-13,97.52,50.44,1.746,0.41,1.63
2016-10-14,98.02,50.35,1.805,0.41,1.67
2016-10-17,97.89,49.94,1.768,0.41,1.68
2016-10-18,97.89,50.29,1.74,0.41,1.66
2016-10-19,97.92,51.6,1.747,0.41,1.68
2016-10-20,98.31,50.43,1.756,0.41,1.68
2016-10-21,98.69,50.85,1.736,0.41,1.67
2016-10-24,98.76,50.52,1.766,0.41,1.66
2016-10-25,98.72,49.96,1.758,0.41,1.7
2016-10-26,98.63,49.18,1.791,0.41,1.71
2016-10-27,98.89,49.72,1.85,0.41,1.72
2016-10-28,98.35,48.7,1.849,0.41,1.73
2016-10-31,98.44,46.86,1.826,0.31,1.73
2016-11-01,97.7,46.67,1.827,0.41,1.72
2016-11-02,97.4,45.34,1.801,0.41,1.7
2016-11-03,97.16,44.66,1.81,0.41,1.68
2016-11-04,97.06,44.07,1.778,0.41,1.68
2016-11-07,97.78,44.89,1.828,0.41,1.71
2016-11-08,97.86,44.98,1.858,0.41,1.73
2016-11-09,98.5,45.27,2.068,0.41,1.82
2016-11-10,98.78,44.66,2.138,0.41,1.88
2016-11-14,100.11,43.32,2.254,0.41,1.83
2016-11-15,100.23,45.81,2.23,0.41,1.82
2016-11-16,100.41,45.57,2.214,0.41,1.83
2016-11-17,100.89,45.42,2.297,0.41,1.87
2016-11-18,101.21,45.69,2.348,0.41,1.9
2016-11-21,101.05,47.49,2.314,0.41,1.91
2016-11-22,101.04,48.03,2.314,0.41,1.9
2016-11-23,101.7,47.96,2.355,0.41,1.92
2016-11-25,101.49,46.06,2.359,0.41,1.89
2016-11-28,101.33,47.08,2.312,0.41,1.85
2016-11-29,100.93,45.23,2.293,0.41,1.86
2016-11-30,101.5,49.44,2.39,0.31,1.94
2016-12-01,101.04,51.06,2.454,0.41,1.97
2016-12-02,100.77,51.68,2.392,0.41,1.91
2016-12-05,100.09,51.79,2.401,0.41,1.94
2016-12-06,100.49,50.93,2.392,0.41,1.95
2016-12-07,100.23,49.77,2.344,0.41,1.92
2016-12-08,101.1,50.84,2.409,0.41,1.95
2016-12-09,101.59,51.5,2.466,0.41,1.96
2016-12-12,101.03,52.83,2.477,0.41,1.98
2016-12-13,101.07,52.98,2.473,0.41,1.95
2016-12-14,101.76,51.04,2.567,0.41,1.94
2016-12-15,103.02,50.9,2.606,0.66,1.9
2016-12-16,102.95,51.9,2.599,0.66,1.86
2016-12-19,103.14,52.12,2.544,0.66,1.86
2016-12-20,103.29,52.23,2.56,0.66,1.9
2016-12-21,103.02,52.49,2.538,0.66,1.91
2016-12-22,103.09,52.95,2.553,0.66,1.95
2016-12-23,103.01,53.02,2.543,0.66,1.97
2016-12-27,103.02,53.9,2.561,0.66,1.99
2016-12-28,103.3,54.06,2.512,0.66,1.95
2016-12-29,102.68,53.77,2.477,0.66,1.94
2016-12-30,102.21,53.72,2.446,0.55,1.95
2017-01-03,103.21,52.33,2.448,0.66,1.98
2017-01-04,102.7,53.26,2.441,0.66,1.99
2017-01-05,101.52,53.76,2.348,0.66,1.95
2017-01-06,102.22,53.99,2.421,0.66,1.96
2017-01-09,101.93,51.96,2.368,0.66,1.95
2017-01-10,102.01,50.82,2.378,0.66,1.95
2017-01-11,101.78,52.25,2.37,0.66,1.99
2017-01-12,101.35,53.01,2.361,0.66,1.98
2017-01-13,101.18,52.37,2.398,0.66,1.99
2017-01-17,100.33,52.48,2.325,0.66,1.97
2017-01-18,100.93,51.08,2.428,0.66,2.0
2017-01-19,101.15,51.37,2.47,0.66,2.04
2017-01-20,100.74,52.42,2.467,0.66,2.04
2017-01-23,100.16,52.75,2.401,0.66,2.02
2017-01-24,100.35,53.18,2.465,0.66,2.06
2017-01-25,100.03,52.75,2.515,0.66,2.08
2017-01-26,100.38,53.78,2.512,0.66,2.08
2017-01-27,100.53,53.17,2.486,0.66,2.08
2017-01-30,100.43,52.63,2.49,0.66,2.07
2017-01-31,99.51,52.81,2.466,0.56,2.05
2017-02-01,99.64,53.88,2.477,0.66,2.05
2017-02-02,99.79,53.54,2.474,0.66,2.05
2017-02-03,99.87,53.83,2.467,0.66,2.05
2017-02-06,99.91,53.01,2.417,0.66,2.02
2017-02-07,100.26,52.17,2.397,0.66,2.0
2017-02-08,100.28,52.34,2.34,0.66,1.96
2017-02-09,100.65,53.0,2.397,0.66,1.99
2017-02-10,100.8,53.86,2.409,0.66,2.01
2017-02-13,100.96,52.93,2.436,0.66,2.0
2017-02-14,101.25,53.2,2.472,0.66,2.01
2017-02-15,101.18,53.11,2.497,0.66,2.06
2017-02-16,100.44,53.36,2.447,0.66,2.02
2017-02-17,100.95,53.4,2.42,0.66,2.01
2017-02-21,101.37,54.06,2.431,0.66,2.03
2017-02-22,101.22,53.59,2.415,0.66,2.04
2017-02-23,101.05,54.45,2.375,0.66,2.03
2017-02-24,101.09,53.99,2.315,0.66,2.0
2017-02-27,101.13,54.05,2.367,0.66,2.01
2017-02-28,101.12,54.01,2.397,0.57,2.02
2017-03-01,101.78,53.83,2.458,0.66,2.03
2017-03-02,102.2,52.61,2.481,0.66,2.01
2017-03-03,101.54,53.33,2.482,0.66,2.04
2017-03-06,101.64,53.2,2.494,0.66,2.01
2017-03-07,101.81,53.14,2.518,0.66,2.03
2017-03-08,102.07,50.28,2.56,0.66,2.01
2017-03-09,101.85,49.28,2.609,0.66,2.0
2017-03-10,101.25,48.49,2.575,0.66,2.01
2017-03-13,101.31,48.4,2.626,0.66,2.01
2017-03-14,101.7,47.72,2.602,0.66,1.99
2017-03-15,100.74,48.86,2.5,0.66,2.01
2017-03-16,100.36,48.75,2.537,0.91,2.02
2017-03-17,100.3,48.78,2.5,0.91,2.01
2017-03-20,100.41,48.22,2.463,0.91,2.0
2017-03-21,99.81,47.34,2.416,0.91,1.98
2017-03-22,99.68,48.04,2.403,0.91,1.97
2017-03-23,99.76,47.7,2.418,0.91,1.95
2017-03-24,99.63,47.97,2.418,0.91,1.98
2017-03-27,99.17,47.73,2.378,0.91,1.97
2017-03-28,99.71,48.37,2.42,0.91,1.97
2017-03-29,100.0,49.51,2.38,0.91,1.98
2017-03-30,100.41,50.35,2.421,0.91,1.96
2017-03-31,100.35,50.6,2.389,0.82,1.97
2017-04-03,100.54,50.24,2.323,0.91,1.96
2017-04-04,100.54,51.03,2.364,0.91,1.96
2017-04-05,100.56,51.15,2.339,0.91,1.97
2017-04-06,100.67,51.7,2.341,0.91,1.95
2017-04-07,101.18,52.24,2.382,0.91,1.94
2017-04-10,101.02,53.08,2.366,0.91,1.93
2017-04-11,100.71,53.4,2.298,0.91,1.91
2017-04-12,100.78,53.11,2.244,0.91,1.9
2017-04-13,100.56,53.18,2.232,0.91,1.92
2017-04-17,100.29,52.65,2.248,0.91,1.88
2017-04-18,99.5,52.41,2.172,0.91,1.85
2017-04-19,99.74,50.44,2.216,0.91,1.85
2017-04-20,99.78,50.27,2.236,0.91,1.85
2017-04-21,99.98,49.62,2.246,0.91,1.84
2017-04-24,99.09,49.23,2.273,0.91,1.87
2017-04-25,98.78,49.56,2.334,0.91,1.91
2017-04-26,99.05,49.96,2.303,0.91,1.9
2017-04-27,99.08,49.31,2.3,0.91,1.91
2017-04-28,99.05,49.62,2.289,0.83,1.92
2017-05-01,99.08,49.16,2.322,0.91,1.92
2017-05-02,98.98,47.99,2.287,0.91,1.88
2017-05-03,99.21,48.18,2.322,0.91,1.87
2017-05-04,98.8,45.9,2.352,0.91,1.86
2017-05-05,98.65,46.6,2.351,0.91,1.86
2017-05-08,99.06,46.84,2.389,0.91,1.86
2017-05-09,99.66,46.27,2.398,0.91,1.86
2017-05-10,99.67,47.7,2.411,0.91,1.85
2017-05-11,99.62,48.2,2.393,0.91,1.88
2017-05-12,99.25,48.17,2.326,0.91,1.84
2017-05-15,98.91,49.16,2.343,0.91,1.82
2017-05-16,98.11,49.0,2.326,0.91,1.82
2017-05-17,97.58,49.41,2.223,0.91,1.78
2017-05-18,97.88,49.66,2.228,0.91,1.8
2017-05-19,97.14,50.67,2.235,0.91,1.82
2017-05-22,96.98,51.13,2.252,0.91,1.82
2017-05-23,97.35,51.72,2.282,0.91,1.83
2017-05-24,97.24,51.59,2.252,0.91,1.81
2017-05-25,97.25,49.14,2.255,0.91,1.8
2017-05-26,97.44,50.05,2.25,0.91,1.81
2017-05-30,97.28,49.91,2.208,0.91,1.81
2017-05-31,96.92,48.56,2.206,0.83,1.81
2017-06-01,97.2,48.6,2.213,0.91,1.81
2017-06-02,96.72,47.87,2.159,0.91,1.79
2017-06-05,96.8,47.4,2.183,0.91,1.79
2017-06-06,96.64,48.19,2.145,0.91,1.77
2017-06-07,96.75,45.72,2.176,0.91,1.78
2017-06-08,96.92,45.64,2.192,0.91,1.78
2017-06-09,97.27,45.83,2.202,0.91,1.78
2017-06-12,97.14,46.08,2.214,0.91,1.75
2017-06-13,96.97,46.67,2.211,0.91,1.75
2017-06-14,96.94,44.93,2.127,0.91,1.71
2017-06-15,97.43,44.68,2.164,1.16,1.67
2017-06-16,97.16,44.97,2.153,1.16,1.67
2017-06-19,97.55,44.43,2.191,1.16,1.67
2017-06-20,97.76,43.51,2.157,1.16,1.66
2017-06-21,97.56,42.75,2.165,1.16,1.66
2017-06-22,97.59,42.97,2.148,1.16,1.69
2017-06-23,97.26,43.01,2.144,1.16,1.7
2017-06-26,97.43,43.38,2.135,1.16,1.71
2017-06-27,96.39,44.24,2.203,1.16,1.71
2017-06-28,96.01,44.74,2.226,1.16,1.73
2017-06-29,95.63,44.93,2.267,1.16,1.72
2017-06-30,95.63,46.04,2.304,1.06,1.73
2017-07-03,96.22,47.07,2.348,1.16,1.75
2017-07-05,96.29,45.13,2.327,1.16,1.75
2017-07-06,95.8,45.52,2.368,1.16,1.76
2017-07-07,96.01,44.23,2.386,1.16,1.73
2017-07-10,96.02,44.4,2.373,1.16,1.72
2017-07-11,95.67,45.04,2.361,1.16,1.75
2017-07-12,95.76,45.49,2.319,1.16,1.76
2017-07-13,95.73,46.08,2.348,1.16,1.77
2017-07-14,95.15,46.54,2.332,1.16,1.76
2017-07-17,95.13,46.02,2.314,1.16,1.77
2017-07-18,94.6,46.4,2.261,1.16,1.76
2017-07-19,94.78,47.12,2.271,1.16,1.76
2017-07-20,94.31,46.79,2.257,1.16,1.77
2017-07-21,93.86,45.77,2.237,1.16,1.76
2017-07-24,93.98,46.34,2.257,1.16,1.78
2017-07-25,94.05,47.89,2.332,1.16,1.81
2017-07-26,93.67,48.75,2.293,1.16,1.8
2017-07-27,93.86,49.04,2.319,1.16,1.83
2017-07-28,93.26,49.71,2.291,1.16,1.83
2017-07-31,92.86,50.17,2.296,1.07,1.82
2017-08-01,93.04,49.16,2.253,1.16,1.79
2017-08-02,92.84,49.59,2.271,1.16,1.79
2017-08-03,92.84,49.03,2.219,1.16,1.78
2017-08-04,93.54,49.58,2.264,1.16,1.8
2017-08-07,93.43,49.39,2.257,1.16,1.8
2017-08-08,93.65,49.17,2.262,1.16,1.83
2017-08-09,93.55,49.56,2.249,1.16,1.82
2017-08-10,93.4,48.59,2.201,1.16,1.8
2017-08-11,93.07,48.82,2.191,1.16,1.79
2017-08-14,93.41,47.59,2.224,1.16,1.77
2017-08-15,93.85,47.55,2.273,1.16,1.78
2017-08-16,93.54,46.78,2.226,1.16,1.78
2017-08-17,93.62,47.09,2.185,1.16,1.77
2017-08-18,93.43,48.51,2.197,1.16,1.76
2017-08-21,93.09,47.37,2.183,1.16,1.75
2017-08-22,93.55,47.64,2.217,1.16,1.77
2017-08-23,93.15,48.41,2.169,1.16,1.75
2017-08-24,93.28,47.43,2.196,1.16,1.75
2017-08-25,92.74,47.87,2.169,1.16,1.75
2017-08-28,92.21,46.57,2.159,1.16,1.75
2017-08-29,92.25,46.44,2.129,1.16,1.74
2017-08-30,92.88,45.96,2.136,1.16,1.76
2017-08-31,92.67,47.23,2.121,1.07,1.76
2017-09-01,92.81,47.29,2.166,1.16,1.79
2017-09-05,92.25,48.66,2.063,1.16,1.77
2017-09-06,92.29,49.16,2.106,1.16,1.78
2017-09-07,91.66,49.09,2.042,1.16,1.79
2017-09-08,91.35,47.48,2.054,1.16,1.81
2017-09-11,91.9,48.07,2.134,1.16,1.83
2017-09-12,91.88,48.23,2.167,1.16,1.84
2017-09-13,92.52,49.3,2.194,1.16,1.85
2017-09-14,92.12,49.89,2.187,1.16,1.85
2017-09-15,91.87,49.89,2.202,1.16,1.85
2017-09-18,92.05,49.91,2.234,1.16,1.87
2017-09-19,91.79,49.48,2.246,1.16,1.87
2017-09-20,92.51,50.41,2.273,1.16,1.85
2017-09-21,92.19,50.55,2.278,1.16,1.83
2017-09-22,92.17,50.66,2.253,1.16,1.84
2017-09-25,92.65,52.22,2.222,1.16,1.84
2017-09-26,92.97,51.88,2.236,1.16,1.84
2017-09-27,93.36,52.14,2.31,1.16,1.87
2017-09-28,93.08,51.56,2.309,1.16,1.87
2017-09-29,93.08,51.67,2.339,1.06,1.84
2017-10-02,93.56,50.58,2.341,1.16,1.83
2017-10-03,93.57,50.42,2.325,1.16,1.84
2017-10-04,93.46,49.98,2.323,1.16,1.85
2017-10-05,93.96,50.79,2.348,1.16,1.86
2017-10-06,93.8,49.29,2.361,1.16,1.87
2017-10-10,93.29,50.92,2.355,1.16,1.88
2017-10-11,93.02,51.3,2.353,1.16,1.89
2017-10-12,93.06,50.6,2.321,1.16,1.89
2017-10-13,93.09,51.45,2.275,1.16,1.85
2017-10-16,93.31,51.87,2.305,1.16,1.84
2017-10-17,93.51,51.88,2.302,1.16,1.82
2017-10-18,93.36,52.04,2.345,1.16,1.84
2017-10-19,93.16,51.29,2.318,1.16,1.84
2017-10-20,93.7,51.47,2.383,1.16,1.87
2017-10-23,93.94,51.9,2.37,1.16,1.86
2017-10-24,93.77,52.47,2.421,1.16,1.87
2017-10-25,93.71,52.18,2.435,1.16,1.88
2017-10-26,94.61,52.64,2.463,1.16,1.89
2017-10-27,94.92,53.9,2.415,1.16,1.88
2017-10-30,94.56,54.15,2.37,1.16,1.87
2017-10-31,94.55,54.38,2.378,1.07,1.88
2017-11-01,94.81,54.3,2.372,1.16,1.88
2017-11-02,94.69,54.54,2.349,1.16,1.87
2017-11-03,94.94,55.64,2.332,1.16,1.86
2017-11-06,94.76,57.35,2.318,1.16,1.86
2017-11-07,94.91,57.2,2.316,1.16,1.88
2017-11-08,94.87,56.81,2.334,1.16,1.87
2017-11-09,94.44,57.17,2.34,1.16,1.87
2017-11-10,94.39,56.74,2.402,1.16,1.88
2017-11-13,94.49,56.76,2.407,1.16,1.88
2017-11-14,93.83,55.7,2.375,1.16,1.87
2017-11-15,93.81,55.33,2.326,1.16,1.85
2017-11-16,93.93,55.14,2.375,1.16,1.84
2017-11-17,93.66,56.55,2.345,1.16,1.86
2017-11-20,94.08,56.09,2.368,1.16,1.85
2017-11-21,93.95,56.83,2.358,1.16,1.84
2017-11-22,93.22,58.02,2.32,1.16,1.84
2017-11-24,92.78,58.95,2.34,1.16,1.84
2017-11-27,92.9,58.11,2.331,1.16,1.83
2017-11-28,93.27,57.99,2.326,1.16,1.84
2017-11-29,93.16,57.3,2.388,1.16,1.84
2017-11-30,93.05,57.4,2.415,1.07,1.86
2017-12-01,92.89,58.36,2.363,1.16,1.86
2017-12-04,93.19,57.47,2.372,1.16,1.87
2017-12-05,93.38,57.62,2.353,1.16,1.86
2017-12-06,93.61,55.96,2.34,1.16,1.86
2017-12-07,93.8,56.69,2.362,1.16,1.87
2017-12-08,93.9,57.36,2.378,1.16,1.88
2017-12-11,93.87,57.99,2.39,1.16,1.88
2017-12-12,94.1,57.14,2.403,1.17,1.89
2017-12-13,93.43,56.6,2.348,1.17,1.88
2017-12-14,93.49,57.04,2.349,1.41,1.87
2017-12-15,93.93,57.3,2.351,1.41,1.88
2017-12-18,93.69,57.16,2.394,1.42,1.89
2017-12-19,93.44,57.46,2.459,1.42,1.91
2017-12-20,93.31,58.09,2.497,1.42,1.92
2017-12-21,93.28,58.36,2.484,1.42,1.93
2017-12-22,93.35,58.47,2.485,1.42,1.94
2017-12-26,93.26,59.97,2.474,1.42,1.94
2017-12-27,93.03,59.64,2.412,1.42,1.94
2017-12-28,92.6,59.84,2.434,1.42,1.96
2017-12-29,92.12,60.42,2.405,1.33,1.96
2018-01-02,91.87,60.37,2.461,1.42,2.0
2018-01-03,92.16,61.63,2.445,1.42,1.98
2018-01-04,91.85,62.01,2.453,1.42,2.01
2018-01-05,91.95,61.44,2.476,1.42,2.01
2018-01-08,92.36,61.73,2.48,1.42,2.02
2018-01-09,92.53,62.96,2.551,1.42,2.03
2018-01-10,92.33,63.57,2.559,1.42,2.03
2018-01-11,91.85,63.8,2.537,1.42,2.0
2018-01-12,90.97,64.3,2.55,1.42,2.01
2018-01-16,90.39,63.73,2.539,1.42,2.03
2018-01-17,90.54,63.97,2.587,1.42,2.04
2018-01-18,90.5,63.95,2.624,1.42,2.05
2018-01-19,90.57,63.37,2.661,1.42,2.06
2018-01-22,90.4,63.49,2.656,1.42,2.06
2018-01-23,90.12,64.47,2.617,1.42,2.06
2018-01-24,89.21,65.61,2.648,1.42,2.07
2018-01-25,89.39,65.51,2.624,1.42,2.07
2018-01-26,89.07,66.14,2.66,1.42,2.09
2018-01-29,89.31,65.56,2.699,1.42,2.09
2018-01-30,89.16,64.5,2.724,1.42,2.1
2018-01-31,89.13,64.73,2.713,1.34,2.11
2018-02-01,88.67,65.8,2.782,1.42,2.11
2018-02-02,89.19,65.45,2.841,1.42,2.14
2018-02-05,89.55,64.15,2.709,1.42,2.1
2018-02-06,89.58,63.39,2.805,1.42,2.1
2018-02-07,90.25,61.79,2.834,1.42,2.1
2018-02-08,90.23,61.15,2.828,1.42,2.09
2018-02-09,90.44,59.2,2.857,1.42,2.05
2018-02-12,90.21,59.29,2.859,1.42,2.07
2018-02-13,89.7,59.19,2.833,1.42,2.05
2018-02-14,89.12,60.6,2.913,1.42,2.09
2018-02-15,88.59,61.34,2.906,1.42,2.11
2018-02-16,89.1,61.68,2.873,1.42,2.09
2018-02-20,89.72,61.9,2.891,1.42,2.1
2018-02-21,90.0,61.68,2.952,1.42,2.12
2018-02-22,89.74,62.77,2.919,1.42,2.11
2018-02-23,89.88,63.55,2.866,1.42,2.12
2018-02-26,89.85,63.91,2.864,1.42,2.13
2018-02-27,90.36,63.01,2.901,1.42,2.13
2018-02-28,90.61,61.64,2.864,1.35,2.12
2018-03-01,90.32,60.99,2.811,1.42,2.1
2018-03-02,89.94,61.25,2.868,1.42,2.12
2018-03-05,90.08,62.57,2.883,1.42,2.13
2018-03-06,89.62,62.6,2.886,1.42,2.12
2018-03-07,89.64,61.15,2.881,1.42,2.13
2018-03-08,90.18,60.12,2.857,1.42,2.11
2018-03-09,90.09,62.04,2.896,1.42,2.12
2018-03-12,89.89,61.36,2.866,1.42,2.1
2018-03-13,89.66,60.71,2.844,1.42,2.09
2018-03-14,89.7,60.96,2.819,1.42,2.07
2018-03-15,90.14,61.19,2.826,1.43,2.08
2018-03-16,90.23,62.34,2.845,1.43,2.08
2018-03-19,89.77,62.06,2.855,1.43,2.08
2018-03-20,90.37,63.4,2.9,1.44,2.08
2018-03-21,89.78,65.17,2.881,1.44,2.09
2018-03-22,89.86,64.3,2.823,1.68,2.08
2018-03-23,89.48,65.88,2.813,1.68,2.07
2018-03-26,89.03,65.55,2.852,1.68,2.08
2018-03-27,89.33,65.25,2.775,1.68,2.07
2018-03-28,90.06,64.38,2.783,1.68,2.05
2018-03-29,90.15,64.94,2.741,1.68,2.05
2018-04-02,90.05,63.01,2.733,1.68,2.05
2018-04-03,90.2,63.51,2.781,1.69,2.08
2018-04-04,90.14,63.37,2.808,1.69,2.08
2018-04-05,90.46,63.54,2.834,1.69,2.08
2018-04-06,90.11,62.06,2.775,1.69,2.07
2018-04-09,89.84,63.42,2.781,1.69,2.07
2018-04-10,89.59,65.51,2.801,1.69,2.08
2018-04-11,89.57,66.82,2.779,1.69,2.11
2018-04-12,89.75,67.07,2.843,1.69,2.13
2018-04-13,89.8,67.39,2.825,1.69,2.13
2018-04-16,89.42,66.22,2.829,1.69,2.12
2018-04-17,89.52,66.52,2.83,1.69,2.14
2018-04-18,89.62,68.47,2.875,1.69,2.16
2018-04-19,89.94,68.29,2.914,1.69,2.17
2018-04-20,90.32,68.38,2.96,1.7,2.17
2018-04-23,90.95,68.64,2.977,1.7,2.18
2018-04-24,90.77,67.7,3.0,1.7,2.17
2018-04-25,91.17,68.05,3.032,1.7,2.17
2018-04-26,91.56,68.19,2.983,1.7,2.18
2018-04-27,91.54,68.1,2.959,1.7,2.17
2018-04-30,91.84,68.57,2.955,1.69,2.17
2018-05-01,92.45,67.25,2.968,1.7,2.16
2018-05-02,92.51,67.93,2.976,1.7,2.17
2018-05-03,92.41,68.43,2.948,1.7,2.16
2018-05-04,92.57,69.72,2.951,1.7,2.16
2018-05-07,92.75,70.73,2.952,1.7,2.17
2018-05-08,93.12,69.06,2.972,1.7,2.16
2018-05-09,93.04,71.14,3.006,1.7,2.18
2018-05-10,92.65,71.36,2.964,1.7,2.17
2018-05-11,92.54,70.7,2.97,1.7,2.15
2018-05-14,92.59,70.96,3.002,1.7,2.15
2018-05-15,93.22,71.31,3.072,1.7,2.18
2018-05-16,93.39,71.49,3.104,1.7,2.17
2018-05-17,93.47,71.49,3.115,1.7,2.16
2018-05-18,93.64,71.28,3.06,1.7,2.15
2018-05-21,93.68,72.24,3.058,1.7,2.16
2018-05-22,93.61,72.13,3.063,1.7,2.15
2018-05-23,94.0,71.84,2.993,1.7,2.14
2018-05-24,93.76,70.71,2.977,1.7,2.12
2018-05-25,94.19,67.88,2.931,1.7,2.09
2018-05-29,94.83,66.73,2.79,1.7,2.04
2018-05-30,94.15,68.21,2.857,1.7,2.06
2018-05-31,93.98,67.04,2.86,1.7,2.07
2018-06-01,94.19,65.81,2.902,1.7,2.09
2018-06-04,94.02,64.75,2.944,1.7,2.12
2018-06-05,93.9,65.52,2.926,1.7,2.13
2018-06-06,93.66,64.73,2.974,1.7,2.14
2018-06-07,93.4,65.95,2.922,1.7,2.13
2018-06-08,93.55,65.74,2.948,1.7,2.11
2018-06-11,93.58,66.1,2.952,1.7,2.13
2018-06-12,93.8,66.36,2.964,1.7,2.13
2018-06-13,93.71,66.64,2.974,1.7,2.12
2018-06-14,94.77,66.89,2.935,1.9,2.12
2018-06-15,94.79,65.06,2.922,1.9,2.12
2018-06-18,94.8,65.85,2.917,1.9,2.12
2018-06-19,95.08,65.07,2.897,1.91,2.12
2018-06-20,95.06,66.22,2.937,1.92,2.12
2018-06-21,94.74,65.54,2.899,1.92,2.11
2018-06-22,94.52,68.58,2.895,1.92,2.12
2018-06-25,94.28,68.08,2.882,1.92,2.1
2018-06-26,94.66,70.53,2.877,1.92,2.12
2018-06-27,95.27,72.76,2.827,1.91,2.11
2018-06-28,95.39,73.45,2.84,1.91,2.1
2018-06-29,94.64,74.15,2.86,1.91,2.11
2018-07-02,95.03,73.94,2.871,1.91,2.14
2018-07-03,94.67,74.14,2.833,1.91,2.12
2018-07-05,94.47,72.94,2.833,1.91,2.13
2018-07-06,94.04,73.8,2.824,1.91,2.12
2018-07-09,94.08,73.85,2.858,1.91,2.13
2018-07-10,94.15,74.11,2.867,1.91,2.13
2018-07-11,94.72,70.38,2.84,1.91,2.11
2018-07-12,94.81,70.33,2.849,1.91,2.1
2018-07-13,94.75,71.01,2.829,1.91,2.11
2018-07-16,94.51,68.06,2.856,1.91,2.1
2018-07-17,94.94,68.08,2.86,1.91,2.09
2018-07-18,95.08,68.76,2.875,1.91,2.09
2018-07-19,95.15,69.46,2.838,1.91,2.09
2018-07-20,94.45,70.46,2.895,1.91,2.11
2018-07-23,94.67,67.89,2.96,1.91,2.11
2018-07-24,94.61,68.52,2.95,1.91,2.11
2018-07-25,94.36,69.3,2.973,1.91,2.13
2018-07-26,94.75,69.61,2.982,1.91,2.11
2018-07-27,94.67,68.69,2.958,1.91,2.12
2018-07-30,94.32,70.13,2.975,1.91,2.13
2018-07-31,94.49,68.76,2.962,1.91,2.12
2018-08-01,94.62,67.66,3.004,1.91,2.13
2018-08-02,95.16,68.96,2.986,1.91,2.12
2018-08-03,95.14,68.49,2.951,1.91,2.12
2018-08-06,95.36,69.01,2.945,1.91,2.11
2018-08-07,95.22,69.17,2.977,1.91,2.13
2018-08-08,95.05,66.94,2.964,1.91,2.11
2018-08-09,95.5,66.81,2.929,1.91,2.11
2018-08-10,96.36,67.63,2.873,1.91,2.09
2018-08-13,96.39,67.2,2.877,1.91,2.1
2018-08-14,96.73,67.04,2.9,1.91,2.09
2018-08-15,96.7,65.01,2.864,1.91,2.08
2018-08-16,96.64,65.46,2.87,1.92,2.08
2018-08-17,96.1,65.91,2.864,1.92,2.08
2018-08-20,95.9,66.43,2.819,1.92,2.07
2018-08-21,95.26,67.35,2.842,1.92,2.08
2018-08-22,95.15,67.86,2.821,1.92,2.08
2018-08-23,95.67,67.83,2.828,1.92,2.09
2018-08-24,95.15,68.72,2.813,1.92,2.09
2018-08-27,94.78,68.87,2.846,1.92,2.11
2018-08-28,94.72,68.53,2.884,1.92,2.11
2018-08-29,94.6,69.51,2.886,1.92,2.12
2018-08-30,94.72,70.25,2.859,1.92,2.1
2018-08-31,95.14,69.8,2.86,1.91,2.08
2018-09-04,95.44,69.87,2.898,1.92,2.1
2018-09-05,95.18,68.72,2.904,1.92,2.09
2018-09-06,95.02,67.77,2.878,1.92,2.08
2018-09-07,95.36,67.75,2.939,1.92,2.1
2018-09-10,95.15,67.54,2.935,1.92,2.1
2018-09-11,95.25,69.25,2.981,1.92,2.12
2018-09-12,94.8,70.37,2.964,1.92,2.12
2018-09-13,94.52,68.59,2.974,1.92,2.1
2018-09-14,94.93,68.99,3.0,1.92,2.1
2018-09-17,94.5,68.91,2.994,1.92,2.1
2018-09-18,94.64,69.85,3.057,1.92,2.13
2018-09-19,94.54,71.12,3.066,1.92,2.15
2018-09-20,93.91,70.8,3.065,1.92,2.15
2018-09-21,94.22,70.78,3.066,1.92,2.15
2018-09-24,94.19,72.08,3.089,1.93,2.16
2018-09-25,94.13,72.28,3.098,1.93,2.16
2018-09-26,94.19,71.57,3.048,1.93,2.14
2018-09-27,94.89,72.12,3.056,2.18,2.15
2018-09-28,95.13,73.25,3.065,2.18,2.14
2018-10-01,95.3,75.3,3.086,2.18,2.14
2018-10-02,95.51,75.23,3.061,2.18,2.12
2018-10-03,95.76,76.41,3.181,2.18,2.16
2018-10-04,95.75,74.33,3.187,2.18,2.16
2018-10-05,95.62,74.34,3.233,2.18,2.16
2018-10-09,95.67,74.96,3.206,2.18,2.17
2018-10-10,95.51,73.17,3.174,2.18,2.16
2018-10-11,95.02,70.97,3.146,2.18,2.12
2018-10-12,95.22,71.34,3.167,2.18,2.12
2018-10-15,95.06,71.78,3.156,2.18,2.13
2018-10-16,95.05,71.92,3.163,2.18,2.13
2018-10-17,95.58,69.75,3.207,2.19,2.13
2018-10-18,95.9,68.65,3.177,2.19,2.1
2018-10-19,95.71,69.12,3.196,2.19,2.11
2018-10-22,96.01,69.17,3.2,2.19,2.11
2018-10-23,95.96,66.43,3.171,2.2,2.09
2018-10-24,96.43,66.82,3.111,2.2,2.07
2018-10-25,96.68,67.33,3.126,2.2,2.05
2018-10-26,96.36,67.59,3.077,2.2,2.06
2018-10-29,96.58,67.04,3.089,2.2,2.06
2018-10-30,97.01,66.18,3.119,2.2,2.05
2018-10-31,97.13,65.31,3.149,2.2,2.05
2018-11-01,96.28,63.69,3.134,2.2,2.02
2018-11-02,96.54,63.14,3.22,2.19,2.06
2018-11-05,96.28,63.1,3.201,2.2,2.06
2018-11-06,96.32,62.21,3.231,2.2,2.07
2018-11-07,96.0,61.67,3.237,2.2,2.07
2018-11-08,96.72,60.67,3.239,2.2,2.07
2018-11-09,96.91,60.19,3.186,2.19,2.04
2018-11-13,97.3,55.69,3.141,2.2,2.02
2018-11-14,96.8,56.25,3.127,2.2,2.0
2018-11-15,96.93,56.46,3.11,2.2,2.0
2018-11-16,96.47,56.46,3.065,2.2,2.02
2018-11-19,96.19,56.76,3.063,2.2,1.99
2018-11-20,96.84,53.43,3.061,2.2,1.97
2018-11-21,96.71,54.63,3.065,2.2,1.97
2018-11-23,96.92,50.42,3.046,2.2,1.96
2018-11-26,97.07,51.63,3.059,2.2,1.96
2018-11-27,97.37,51.56,3.059,2.2,1.91
2018-11-28,96.79,50.29,3.061,2.2,1.94
2018-11-29,96.78,51.45,3.032,2.2,1.98
2018-11-30,97.27,50.93,2.993,2.2,1.97
2018-12-03,97.04,52.95,2.966,2.19,1.96
2018-12-04,96.97,53.25,2.915,2.2,1.94
2018-12-06,96.81,51.49,2.892,2.2,1.9
2018-12-07,96.51,52.61,2.858,2.19,1.89
2018-12-10,97.22,51.0,2.863,2.2,1.86
2018-12-11,97.39,51.65,2.879,2.19,1.83
2018-12-12,97.04,51.15,2.911,2.19,1.83
2018-12-13,97.06,52.58,2.913,2.19,1.83
2018-12-14,97.44,51.2,2.895,2.19,1.82
2018-12-17,97.1,49.88,2.857,2.2,1.81
2018-12-18,97.1,46.24,2.823,2.2,1.81
2018-12-19,97.03,47.2,2.762,2.2,1.8
2018-12-20,96.28,45.88,2.808,2.4,1.76
2018-12-21,96.96,45.59,2.788,2.4,1.77
2018-12-24,96.55,42.53,2.737,2.4,1.75
2018-12-26,97.05,46.22,2.81,2.4,1.77
2018-12-27,96.48,44.61,2.774,2.4,1.74
2018-12-28,96.4,45.33,2.716,2.4,1.73
2018-12-31,96.17,45.41,2.686,2.4,1.71
2019-01-02,96.82,46.54,2.633,2.4,1.7
2019-01-03,96.31,47.09,2.552,2.4,1.68
2019-01-04,96.18,47.96,2.668,2.4,1.76
2019-01-07,95.67,48.52,2.698,2.4,1.78
2019-01-08,95.9,49.78,2.73,2.4,1.82
2019-01-09,95.22,52.36,2.712,2.4,1.83
2019-01-10,95.54,52.59,2.746,2.4,1.81
2019-01-11,95.67,51.59,2.699,2.4,1.83
2019-01-14,95.61,50.51,2.706,2.4,1.81
2019-01-15,96.04,52.11,2.718,2.4,1.81
2019-01-16,96.06,52.31,2.727,2.4,1.82
2019-01-17,96.06,52.07,2.75,2.4,1.79
2019-01-18,96.34,53.8,2.788,2.4,1.83
2019-01-22,96.3,52.57,2.741,2.4,1.79
2019-01-23,96.12,52.62,2.75,2.4,1.8
2019-01-24,96.6,53.13,2.716,2.4,1.77
2019-01-25,95.79,53.69,2.759,2.4,1.79
2019-01-28,95.75,51.99,2.748,2.4,1.78
2019-01-29,95.82,53.31,2.71,2.4,1.78
2019-01-30,95.34,54.23,2.678,2.4,1.84
2019-01-31,95.58,53.79,2.633,2.4,1.85
2019-02-01,95.58,55.26,2.684,2.4,1.88
2019-02-04,95.85,54.56,2.725,2.4,1.87
2019-02-05,96.07,53.66,2.704,2.4,1.87
2019-02-06,96.39,54.01,2.7,2.4,1.86
2019-02-07,96.51,52.64,2.657,2.4,1.84
2019-02-08,96.64,52.72,2.634,2.4,1.82
2019-02-11,97.06,52.41,2.654,2.4,1.82
2019-02-12,96.71,53.1,2.686,2.4,1.83
2019-02-13,97.13,53.9,2.709,2.4,1.86
2019-02-14,96.98,54.41,2.655,2.4,1.85
2019-02-15,96.9,55.59,2.664,2.4,1.86
2019-02-19,96.52,56.09,2.636,2.4,1.87
2019-02-20,96.45,56.92,2.648,2.4,1.89
2019-02-21,96.61,56.96,2.695,2.4,1.91
2019-02-22,96.51,57.26,2.654,2.4,1.91
2019-02-25,96.41,55.48,2.668,2.4,1.92
2019-02-26,96.0,55.5,2.638,2.4,1.92
2019-02-27,96.15,56.94,2.686,2.4,1.93
2019-02-28,96.16,57.22,2.717,2.4,1.95
2019-03-01,96.53,55.8,2.759,2.4,1.96
2019-03-04,96.68,56.59,2.724,2.4,1.94
2019-03-05,96.87,56.56,2.719,2.4,1.93
2019-03-06,96.87,56.22,2.693,2.4,1.91
2019-03-07,97.67,56.66,2.641,2.4,1.9
2019-03-08,97.31,56.07,2.63,2.4,1.9
2019-03-11,97.22,56.79,2.641,2.4,1.91
2019-03-12,96.94,56.87,2.6,2.4,1.9
2019-03-13,96.55,58.26,2.625,2.4,1.92
2019-03-14,96.78,58.61,2.63,2.4,1.94
2019-03-15,96.59,58.52,2.591,2.4,1.94
2019-03-18,96.52,59.09,2.605,2.4,1.96
2019-03-19,96.38,59.03,2.618,2.4,1.95
2019-03-20,95.76,59.83,2.524,2.41,1.96
2019-03-21,96.5,59.98,2.539,2.41,1.96
2019-03-22,96.65,59.04,2.437,2.41,1.9
2019-03-25,96.57,58.82,2.405,2.4,1.88
2019-03-26,96.74,59.94,2.425,2.4,1.86
2019-03-27,96.77,59.41,2.381,2.41,1.84
2019-03-28,97.2,59.3,2.391,2.41,1.83
2019-03-29,97.28,60.14,2.407,2.43,1.88
2019-04-01,97.23,61.59,2.503,2.41,1.9
2019-04-02,97.36,62.58,2.472,2.41,1.9
2019-04-03,97.09,62.46,2.528,2.41,1.91
2019-04-04,97.31,62.1,2.513,2.41,1.9
2019-04-05,97.39,63.08,2.499,2.41,1.9
2019-04-08,97.05,64.4,2.52,2.41,1.91
2019-04-09,97.01,63.98,2.502,2.41,1.91
2019-04-10,96.95,64.61,2.465,2.41,1.94
2019-04-11,97.18,63.58,2.499,2.41,1.94
2019-04-12,96.97,63.89,2.562,2.41,1.95
2019-04-15,96.94,63.4,2.556,2.41,1.94
2019-04-16,97.04,64.05,2.592,2.41,1.96
2019-04-17,97.01,63.76,2.594,2.42,1.94
2019-04-18,97.47,64.0,2.56,2.43,1.95
2019-04-22,97.29,65.7,2.587,2.44,1.95
2019-04-23,97.64,66.3,2.569,2.44,1.95
2019-04-24,98.17,65.89,2.518,2.44,1.96
2019-04-25,98.2,65.21,2.534,2.44,1.98
2019-04-26,98.01,63.3,2.5,2.44,1.97
2019-04-29,97.86,63.5,2.527,2.45,1.96
2019-04-30,97.48,63.91,2.504,2.45,1.95
2019-05-01,97.69,63.6,2.502,2.45,1.93
2019-05-02,97.83,61.81,2.545,2.41,1.89
2019-05-03,97.52,61.94,2.53,2.4,1.91
2019-05-06,97.52,62.25,2.5,2.4,1.91
2019-05-07,97.63,61.4,2.448,2.4,1.87
2019-05-08,97.62,62.12,2.485,2.39,1.87
2019-05-09,97.37,61.7,2.453,2.38,1.85
2019-05-10,97.33,61.66,2.473,2.38,1.88
2019-05-13,97.32,61.04,2.403,2.38,1.85
2019-05-14,97.53,61.78,2.414,2.38,1.86
2019-05-15,97.57,62.02,2.377,2.4,1.83
2019-05-16,97.86,62.87,2.394,2.39,1.84
2019-05-17,98.0,62.76,2.393,2.39,1.81
2019-05-20,97.93,63.1,2.419,2.39,1.81
2019-05-21,98.06,62.99,2.428,2.39,1.83
2019-05-22,98.04,61.42,2.38,2.38,1.79
2019-05-23,97.86,57.91,2.322,2.38,1.73
2019-05-24,97.61,58.63,2.324,2.38,1.76
2019-05-28,97.95,59.14,2.267,2.39,1.73
2019-05-29,98.14,58.81,2.262,2.39,1.75
2019-05-30,98.14,56.59,2.217,2.39,1.74
2019-05-31,97.75,53.5,2.133,2.4,1.74
2019-06-03,97.14,53.25,2.075,2.38,1.73
2019-06-04,97.07,53.48,2.121,2.38,1.74
2019-06-05,97.32,51.68,2.131,2.38,1.75
2019-06-06,97.04,52.59,2.121,2.37,1.73
2019-06-07,96.54,53.99,2.084,2.37,1.74
2019-06-10,96.76,53.26,2.15,2.37,1.73
2019-06-11,96.69,53.27,2.145,2.37,1.72
2019-06-12,97.0,51.14,2.122,2.37,1.71
2019-06-13,97.01,52.28,2.093,2.37,1.68
2019-06-14,97.57,52.51,2.084,2.36,1.63
2019-06-17,97.56,51.93,2.091,2.38,1.61
2019-06-18,97.64,53.9,2.058,2.37,1.64
2019-06-19,97.12,53.76,2.029,2.37,1.67
2019-06-20,96.63,56.65,2.023,2.37,1.74
2019-06-21,96.22,57.43,2.059,2.38,1.73
2019-06-24,95.98,57.9,2.018,2.38,1.71
2019-06-25,96.14,57.83,1.988,2.38,1.67
2019-06-26,96.21,59.38,2.05,2.38,1.7
2019-06-27,96.19,59.43,2.014,2.38,1.68
2019-06-28,96.13,58.47,2.007,2.4,1.69
2019-07-01,96.84,59.09,2.033,2.39,1.69
2019-07-02,96.73,56.25,1.976,2.4,1.65
2019-07-03,96.77,57.34,1.953,2.41,1.65
2019-07-05,97.29,57.51,2.039,2.42,1.69
2019-07-08,97.38,57.66,2.048,2.41,1.7
2019-07-09,97.49,57.83,2.072,2.41,1.71
2019-07-10,97.1,60.43,2.061,2.41,1.74
2019-07-11,97.05,60.2,2.143,2.4,1.77
2019-07-12,96.81,60.21,2.124,2.38,1.77
2019-07-15,96.93,59.58,2.09,2.4,1.77
2019-07-16,97.39,57.62,2.106,2.41,1.8
2019-07-17,97.22,56.78,2.043,2.41,1.75
2019-07-18,96.79,55.3,2.026,2.41,1.79
2019-07-19,97.15,55.63,2.057,2.41,1.8
2019-07-22,97.26,56.22,2.05,2.4,1.79
2019-07-23,97.7,56.77,2.078,2.4,1.81
2019-07-24,97.73,55.88,2.05,2.4,1.79
2019-07-25,97.82,56.02,2.083,2.4,1.8
2019-07-26,98.01,56.2,2.074,2.4,1.78
2019-07-29,98.04,56.87,2.063,2.4,1.77
2019-07-30,98.05,58.05,2.06,2.39,1.78
2019-07-31,98.52,58.58,2.007,2.4,1.76
2019-08-01,98.37,53.95,1.902,2.14,1.7
2019-08-02,98.07,55.66,1.843,2.14,1.66
2019-08-05,97.52,54.69,1.718,2.13,1.6
2019-08-06,97.63,53.63,1.716,2.13,1.62
2019-08-07,97.54,51.09,1.721,2.12,1.62
2019-08-08,97.62,52.54,1.719,2.12,1.65
2019-08-09,97.49,54.5,1.745,2.12,1.66
2019-08-12,97.38,54.93,1.64,2.12,1.61
2019-08-13,97.81,57.1,1.702,2.12,1.63
2019-08-14,97.99,55.23,1.583,2.12,1.57
2019-08-15,98.14,54.47,1.502,2.13,1.54
2019-08-16,98.14,54.87,1.562,2.13,1.54
2019-08-19,98.35,56.21,1.608,2.13,1.56
2019-08-20,98.19,56.34,1.552,2.13,1.53
2019-08-21,98.3,55.68,1.591,2.12,1.54
2019-08-22,98.17,55.35,1.613,2.12,1.55
2019-08-23,97.64,54.17,1.533,2.12,1.54
2019-08-26,98.08,53.64,1.538,2.12,1.54
2019-08-27,98.0,54.93,1.474,2.12,1.55
2019-08-28,98.21,55.78,1.468,2.12,1.55
2019-08-29,98.51,56.71,1.496,2.12,1.59
2019-08-30,98.92,55.1,1.499,2.13,1.55
2019-09-03,99.0,53.94,1.462,2.13,1.5
2019-09-04,98.45,56.26,1.471,2.13,1.51
2019-09-05,98.41,56.3,1.565,2.13,1.56
2019-09-06,98.39,56.52,1.56,2.12,1.54
2019-09-09,98.28,57.85,1.647,2.13,1.57
2019-09-10,98.33,57.4,1.744,2.13,1.6
2019-09-11,98.64,55.75,1.745,2.13,1.6
2019-09-12,98.31,55.09,1.778,2.13,1.63
2019-09-13,98.26,54.85,1.901,2.14,1.67
2019-09-16,98.61,62.9,1.843,2.25,1.67
2019-09-17,98.26,59.34,1.81,2.3,1.66
2019-09-18,98.56,58.11,1.8,2.25,1.59
2019-09-19,98.27,58.13,1.787,1.9,1.61
2019-09-20,98.51,58.09,1.722,1.9,1.61
2019-09-23,98.6,58.64,1.723,1.9,1.61
2019-09-24,98.34,57.29,1.652,1.9,1.58
2019-09-25,99.04,56.49,1.737,1.9,1.6
2019-09-26,99.13,56.41,1.697,1.85,1.57
2019-09-27,99.11,55.91,1.687,1.83,1.53
2019-09-30,99.38,54.07,1.668,1.9,1.53
2019-10-01,99.13,53.62,1.635,1.88,1.52
2019-10-02,99.02,52.64,1.601,1.85,1.5
2019-10-03,98.86,52.45,1.534,1.83,1.48
2019-10-04,98.81,52.81,1.529,1.82,1.5
2019-10-07,98.97,52.75,1.565,1.82,1.51
2019-10-08,99.13,52.63,1.532,1.82,1.48
2019-10-09,99.12,52.59,1.587,1.82,1.49
2019-10-10,98.7,53.55,1.67,1.82,1.52
2019-10-11,98.3,54.7,1.734,1.82,1.56
2019-10-15,98.29,52.81,1.771,1.9,1.56
2019-10-16,98.0,53.36,1.745,1.9,1.57
2019-10-17,97.61,53.93,1.75,1.85,1.59
2019-10-18,97.28,53.78,1.754,1.85,1.6
2019-10-21,97.33,53.31,1.803,1.85,1.61
2019-10-22,97.53,54.16,1.768,1.85,1.61
2019-10-23,97.49,55.97,1.768,1.85,1.61
2019-10-24,97.63,56.23,1.771,1.85,1.62
2019-10-25,97.83,56.66,1.799,1.83,1.65
2019-10-28,97.76,55.81,1.845,1.83,1.64
2019-10-29,97.69,55.54,1.837,1.82,1.61
2019-10-30,97.65,55.06,1.775,1.82,1.57
2019-10-31,97.35,54.18,1.688,1.58,1.54
2019-11-01,97.24,56.2,1.714,1.57,1.59
2019-11-04,97.5,56.54,1.781,1.56,1.64
2019-11-05,97.98,57.23,1.857,1.56,1.68
2019-11-06,97.95,56.35,1.83,1.55,1.66
2019-11-07,98.14,57.15,1.929,1.55,1.69
2019-11-08,98.35,57.24,1.945,1.55,1.71
2019-11-12,98.31,56.8,1.928,1.55,1.7
2019-11-13,98.37,57.12,1.891,1.55,1.66
2019-11-14,98.16,56.77,1.822,1.55,1.62
2019-11-15,98.0,57.72,1.836,1.55,1.63
2019-11-18,97.79,57.05,1.815,1.55,1.63
2019-11-19,97.86,55.21,1.786,1.55,1.63
2019-11-20,97.93,57.11,1.747,1.55,1.6
2019-11-21,97.99,58.58,1.776,1.55,1.63
2019-11-22,98.27,57.77,1.771,1.55,1.62
2019-11-25,98.32,58.01,1.752,1.55,1.62
2019-11-26,98.25,58.41,1.741,1.55,1.62
2019-11-27,98.37,58.11,1.767,1.55,1.63
2019-11-29,98.27,55.17,1.774,1.56,1.61
2019-12-02,97.86,55.96,1.822,1.56,1.65
2019-12-03,97.74,56.1,1.717,1.55,1.63
2019-12-04,97.65,58.43,1.778,1.55,1.66
2019-12-05,97.41,58.43,1.809,1.55,1.67
2019-12-06,97.7,59.2,1.843,1.55,1.69
2019-12-09,97.64,59.02,1.821,1.55,1.69
2019-12-10,97.41,59.24,1.842,1.55,1.71
2019-12-11,97.08,58.76,1.793,1.55,1.69
2019-12-12,97.4,59.18,1.896,1.55,1.72
2019-12-13,97.17,60.07,1.824,1.55,1.7
2019-12-16,97.02,60.21,1.873,1.56,1.73
2019-12-17,97.22,60.94,1.875,1.55,1.75
2019-12-18,97.4,60.93,1.922,1.55,1.76
2019-12-19,97.38,61.22,1.922,1.55,1.77
2019-12-20,97.69,60.44,1.919,1.55,1.77
2019-12-23,97.66,60.52,1.928,1.55,1.75
2019-12-24,97.65,61.11,1.903,1.55,1.75
2019-12-26,97.53,61.68,1.894,1.55,1.74
2019-12-27,96.92,61.72,1.877,1.55,1.73
2019-12-30,96.74,61.68,1.886,1.55,1.75
2019-12-31,96.39,61.06,1.919,1.55,1.77
2020-01-02,96.85,61.18,1.877,1.55,1.8
2020-01-03,96.84,63.05,1.793,1.55,1.77
2020-01-06,96.67,63.27,1.809,1.55,1.75
2020-01-07,97.0,62.7,1.811,1.55,1.74
2020-01-08,97.3,59.61,1.874,1.55,1.75
2020-01-09,97.45,59.56,1.855,1.55,1.74
2020-01-10,97.36,59.04,1.82,1.54,1.76
2020-01-13,97.34,58.08,1.848,1.54,1.77
2020-01-14,97.37,58.23,1.813,1.54,1.77
2020-01-15,97.23,57.81,1.786,1.54,1.75
2020-01-16,97.32,58.52,1.809,1.54,1.74
2020-01-17,97.64,58.54,1.825,1.55,1.75
2020-01-21,97.53,58.34,1.774,1.55,1.74
2020-01-22,97.53,56.74,1.769,1.55,1.72
2020-01-23,97.69,55.59,1.731,1.55,1.7
2020-01-24,97.85,54.19,1.686,1.55,1.68
2020-01-27,97.96,53.14,1.613,1.55,1.63
2020-01-28,98.02,53.48,1.661,1.55,1.65
2020-01-29,97.99,53.33,1.581,1.55,1.64
2020-01-30,97.87,52.14,1.591,1.6,1.64
2020-01-31,97.39,51.56,1.505,1.59,1.65
2020-02-03,97.8,50.11,1.526,1.59,1.63
2020-02-04,97.96,49.61,1.603,1.59,1.64
2020-02-05,98.3,50.75,1.649,1.59,1.66
2020-02-06,98.5,50.95,1.644,1.59,1.67
2020-02-07,98.68,50.32,1.582,1.58,1.66
2020-02-10,98.83,49.57,1.563,1.58,1.66
2020-02-11,98.72,49.94,1.602,1.58,1.65
2020-02-12,99.05,51.17,1.637,1.58,1.66
2020-02-13,99.07,51.42,1.619,1.58,1.67
2020-02-14,99.12,52.05,1.588,1.58,1.66
2020-02-18,99.44,52.05,1.559,1.59,1.65
2020-02-19,99.71,53.29,1.568,1.59,1.65
2020-02-20,99.86,53.78,1.519,1.59,1.63
2020-02-21,99.26,53.38,1.473,1.58,1.61
2020-02-24,99.36,51.43,1.37,1.58,1.59
2020-02-25,98.97,49.9,1.355,1.58,1.53
2020-02-26,99.0,48.73,1.335,1.58,1.54
2020-02-27,98.51,47.09,1.274,1.58,1.53
2020-02-28,98.13,44.76,1.163,1.58,1.41
2020-03-02,97.36,46.75,1.152,1.59,1.41
2020-03-03,97.15,47.18,0.999,1.59,1.45
2020-03-04,97.34,46.78,1.055,1.09,1.46
2020-03-05,96.82,45.9,0.917,1.09,1.4
2020-03-06,95.95,41.28,0.773,1.09,1.31
2020-03-09,94.89,31.13,0.559,1.09,0.99
2020-03-10,96.41,34.36,0.8,1.09,1.0
2020-03-11,96.51,32.98,0.877,1.09,0.96
2020-03-12,97.47,31.5,0.812,1.1,0.92
2020-03-13,98.75,31.73,0.983,1.1,0.9
2020-03-16,98.07,28.7,0.74,0.25,0.73
2020-03-17,99.57,26.95,1.069,0.25,0.63
2020-03-18,101.16,20.37,1.183,0.25,0.63
2020-03-19,102.75,25.22,1.158,0.2,0.5
2020-03-20,102.82,22.43,0.885,0.15,0.75
2020-03-23,102.49,23.36,0.763,0.15,0.8
2020-03-24,102.04,24.01,0.858,0.12,0.97
2020-03-25,101.05,24.49,0.869,0.1,1.07
2020-03-26,99.35,22.6,0.848,0.1,1.07
2020-03-27,98.36,21.51,0.676,0.1,0.94
2020-03-30,99.18,20.09,0.726,0.09,0.95
2020-03-31,99.05,20.48,0.668,0.08,0.87
2020-04-01,99.67,20.31,0.602,0.06,0.91
2020-04-02,100.18,25.32,0.611,0.05,1.03
2020-04-03,100.58,28.34,0.599,0.05,1.08
2020-04-06,100.68,26.08,0.678,0.05,1.14
2020-04-07,99.9,23.63,0.726,0.05,1.17
2020-04-08,100.12,25.09,0.771,0.05,1.19
2020-04-09,99.52,22.76,0.729,0.05,1.23
2020-04-13,99.35,22.41,0.77,0.05,1.26
2020-04-14,98.89,20.11,0.75,0.05,1.29
2020-04-15,99.46,19.87,0.635,0.05,1.19
2020-04-16,100.03,19.87,0.617,0.05,1.03
2020-04-17,99.78,18.27,0.642,0.05,1.01
2020-04-20,99.96,-37.63,0.616,0.05,0.94
2020-04-21,100.26,10.01,0.566,0.05,0.96
2020-04-22,100.39,13.78,0.618,0.05,1.06
2020-04-23,100.43,16.5,0.603,0.04,1.05
2020-04-24,100.38,16.94,0.605,0.05,1.11
2020-04-27,100.04,12.78,0.664,0.04,1.17
2020-04-28,99.86,12.34,0.616,0.04,1.14
2020-04-29,99.57,15.06,0.628,0.04,1.14
2020-04-30,99.02,18.84,0.646,0.05,1.07
2020-05-01,99.08,19.78,0.618,0.05,1.06
2020-05-04,99.48,20.39,0.631,0.05,1.07
2020-05-05,99.71,24.56,0.662,0.05,1.1
2020-05-06,100.09,23.99,0.709,0.05,1.1
2020-05-07,99.89,23.55,0.639,0.05,1.08
2020-05-08,99.73,24.74,0.685,0.05,1.12
2020-05-11,100.24,24.14,0.707,0.05,1.13
2020-05-12,99.93,25.78,0.667,0.05,1.09
2020-05-13,100.24,25.29,0.654,0.05,1.07
2020-05-14,100.47,27.56,0.617,0.05,1.06
2020-05-15,100.4,29.43,0.644,0.05,1.09
2020-05-18,99.67,31.82,0.726,0.05,1.17
2020-05-19,99.37,32.5,0.692,0.05,1.15
2020-05-20,99.12,33.49,0.69,0.05,1.16
2020-05-21,99.37,33.92,0.68,0.05,1.14
2020-05-22,99.86,33.25,0.657,0.05,1.12
2020-05-26,98.91,34.35,0.695,0.05,1.13
2020-05-27,99.06,32.81,0.695,0.05,1.14
2020-05-28,98.38,33.71,0.697,0.05,1.18
2020-05-29,98.34,35.49,0.653,0.05,1.15
2020-06-01,97.83,35.44,0.667,0.05,1.18
2020-06-02,97.67,36.81,0.687,0.06,1.18
2020-06-03,97.28,37.29,0.746,0.06,1.21
2020-06-04,96.68,37.41,0.825,0.06,1.22
2020-06-05,96.94,39.55,0.893,0.07,1.27
2020-06-08,96.62,38.19,0.878,0.07,1.28
2020-06-09,96.32,38.94,0.824,0.07,1.26
2020-06-10,95.96,39.6,0.736,0.08,1.27
2020-06-11,96.73,36.34,0.666,0.08,1.21
2020-06-12,97.32,36.26,0.71,0.08,1.21
2020-06-15,96.71,37.12,0.72,0.09,1.23
2020-06-16,96.96,38.38,0.741,0.09,1.27
2020-06-17,97.16,37.96,0.733,0.09,1.26
2020-06-18,97.42,38.84,0.707,0.09,1.28
2020-06-19,97.62,39.75,0.694,0.09,1.3
2020-06-22,97.04,40.46,0.71,0.08,1.34
2020-06-23,96.65,40.37,0.715,0.08,1.38
2020-06-24,97.15,38.01,0.679,0.08,1.33
2020-06-25,97.43,38.72,0.682,0.08,1.33
2020-06-26,97.43,38.49,0.64,0.08,1.32
2020-06-29,97.54,39.7,0.627,0.08,1.34
2020-06-30,97.39,39.27,0.658,0.08,1.34
2020-07-01,97.2,39.82,0.676,0.08,1.37
2020-07-02,97.32,40.65,0.669,0.09,1.41
2020-07-06,96.72,40.63,0.678,0.09,1.45
2020-07-07,96.88,40.62,0.64,0.09,1.43
2020-07-08,96.43,40.9,0.666,0.09,1.42
2020-07-09,96.7,39.62,0.613,0.09,1.39
2020-07-10,96.65,40.55,0.643,0.09,1.41
2020-07-13,96.46,40.1,0.618,0.09,1.42
2020-07-14,96.26,40.29,0.625,0.09,1.41
2020-07-15,96.08,41.2,0.633,0.1,1.41
2020-07-16,96.35,40.75,0.618,0.1,1.41
2020-07-17,95.94,40.59,0.623,0.09,1.46
2020-07-20,95.83,40.81,0.613,0.1,1.46
2020-07-21,95.12,41.96,0.605,0.1,1.48
2020-07-22,94.99,41.9,0.6,0.09,1.48
2020-07-23,94.69,41.07,0.577,0.09,1.49
2020-07-24,94.43,41.29,0.587,0.09,1.51
2020-07-27,93.67,41.6,0.615,0.1,1.52
2020-07-28,93.7,41.04,0.579,0.1,1.51
2020-07-29,93.45,41.27,0.577,0.1,1.53
2020-07-30,93.02,39.92,0.545,0.1,1.52
2020-07-31,93.35,40.27,0.533,0.1,1.55
2020-08-03,93.54,41.01,0.554,0.1,1.58
2020-08-04,93.38,41.7,0.512,0.1,1.57
2020-08-05,92.87,42.19,0.549,0.1,1.61
2020-08-06,92.79,41.95,0.538,0.1,1.63
2020-08-07,93.43,41.22,0.566,0.1,1.61
2020-08-10,93.58,41.94,0.581,0.1,1.61
2020-08-11,93.63,41.61,0.643,0.1,1.63
2020-08-12,93.44,42.67,0.673,0.1,1.67
2020-08-13,93.33,42.24,0.717,0.1,1.67
2020-08-14,93.1,42.01,0.709,0.1,1.65
2020-08-17,92.85,42.89,0.692,0.1,1.66
2020-08-18,92.27,42.89,0.67,0.09,1.68
2020-08-19,92.89,42.93,0.685,0.09,1.67
2020-08-20,92.79,42.58,0.652,0.09,1.62
2020-08-21,93.25,42.34,0.636,0.09,1.64
2020-08-24,93.3,42.62,0.654,0.09,1.67
2020-08-25,93.02,43.35,0.688,0.09,1.7
2020-08-26,93.01,43.39,0.688,0.09,1.72
2020-08-27,93.0,43.04,0.754,0.08,1.73
2020-08-28,92.37,42.97,0.724,0.09,1.77
2020-08-31,92.14,42.61,0.706,0.09,1.8
2020-09-01,92.34,42.76,0.672,0.09,1.76
2020-09-02,92.85,41.51,0.648,0.09,1.73
2020-09-03,92.74,41.37,0.636,0.09,1.65
2020-09-04,92.72,39.77,0.721,0.09,1.7
2020-09-08,93.44,36.76,0.682,0.09,1.68
2020-09-09,93.25,38.05,0.698,0.09,1.71
2020-09-10,93.34,37.3,0.682,0.09,1.69
2020-09-11,93.33,37.33,0.669,0.09,1.65
2020-09-14,93.05,37.26,0.676,0.09,1.65
2020-09-15,93.05,38.28,0.68,0.09,1.67
2020-09-16,93.21,40.16,0.698,0.09,1.68
2020-09-17,92.97,40.97,0.689,0.09,1.66
2020-09-18,92.93,41.11,0.697,0.09,1.67
2020-09-21,93.66,39.31,0.669,0.09,1.62
2020-09-22,93.99,39.6,0.671,0.09,1.62
2020-09-23,94.39,39.93,0.677,0.09,1.6
2020-09-24,94.35,40.31,0.668,0.09,1.58
2020-09-25,94.64,40.25,0.656,0.09,1.58
2020-09-28,94.28,40.6,0.658,0.09,1.61
2020-09-29,93.89,39.29,0.651,0.09,1.64
2020-09-30,93.89,40.22,0.686,0.09,1.63
2020-10-01,93.71,38.72,0.679,0.09,1.63
2020-10-02,93.84,37.05,0.704,0.09,1.64
2020-10-05,93.51,39.22,0.778,0.09,1.68
2020-10-06,93.69,40.67,0.734,0.09,1.66
2020-10-07,93.63,39.95,0.784,0.09,1.71
2020-10-08,93.61,41.19,0.779,0.09,1.72
2020-10-09,93.06,40.6,0.779,0.09,1.73
2020-10-13,93.53,40.2,0.729,0.09,1.7
2020-10-14,93.38,41.04,0.727,0.09,1.69
2020-10-15,93.86,40.96,0.739,0.09,1.69
2020-10-16,93.68,40.88,0.749,0.09,1.71
2020-10-19,93.43,40.83,0.772,0.09,1.71
2020-10-20,93.07,41.46,0.786,0.09,1.72
2020-10-21,92.61,40.03,0.821,0.09,1.74
2020-10-22,92.95,40.64,0.861,0.09,1.76
2020-10-23,92.77,39.85,0.841,0.09,1.75
2020-10-26,93.04,38.56,0.803,0.09,1.72
2020-10-27,92.94,39.57,0.771,0.09,1.71
2020-10-28,93.4,37.39,0.774,0.09,1.7
2020-10-29,93.96,36.17,0.831,0.09,1.71
2020-10-30,94.04,35.79,0.874,0.09,1.7
2020-11-02,94.13,36.81,0.852,0.09,1.71
2020-11-03,93.55,37.66,0.896,0.09,1.72
2020-11-04,93.41,39.15,0.771,0.09,1.64
2020-11-05,92.53,38.79,0.766,0.09,1.66
2020-11-06,92.23,37.14,0.82,0.09,1.65
2020-11-09,92.72,40.29,0.924,0.09,1.73
2020-11-10,92.75,41.36,0.96,0.09,1.76
2020-11-12,92.96,41.12,0.883,0.09,1.71
2020-11-13,92.75,40.13,0.898,0.09,1.72
2020-11-16,92.64,41.34,0.911,0.09,1.72
2020-11-17,92.42,41.43,0.862,0.09,1.7
2020-11-18,92.32,41.82,0.87,0.09,1.7
2020-11-19,92.29,41.74,0.842,0.08,1.7
2020-11-20,92.39,42.15,0.824,0.08,1.69
2020-11-23,92.5,43.06,0.859,0.08,1.71
2020-11-24,92.23,44.91,0.885,0.08,1.74
2020-11-25,91.99,45.71,0.882,0.08,1.75
2020-11-27,91.79,45.53,0.842,0.08,1.75
2020-11-30,91.87,45.34,0.842,0.09,1.77
2020-12-01,91.31,44.55,0.929,0.09,1.81
2020-12-02,91.12,45.28,0.938,0.09,1.85
2020-12-03,90.71,45.64,0.911,0.09,1.86
2020-12-04,90.7,46.26,0.973,0.09,1.89
2020-12-07,90.79,45.76,0.928,0.09,1.88
2020-12-08,90.96,45.6,0.921,0.09,1.89
2020-12-09,91.09,45.52,0.938,0.09,1.91
2020-12-10,90.82,46.78,0.906,0.09,1.88
2020-12-11,90.98,46.57,0.896,0.09,1.87
2020-12-14,90.71,46.99,0.898,0.09,1.88
2020-12-15,90.47,47.62,0.911,0.09,1.91
2020-12-16,90.45,47.82,0.92,0.09,1.92
2020-12-17,89.82,48.36,0.935,0.09,1.94
2020-12-18,90.02,49.1,0.945,0.09,1.95
2020-12-21,90.04,47.74,0.938,0.09,1.95
2020-12-22,90.65,47.02,0.921,0.09,1.94
2020-12-23,90.41,48.12,0.945,0.09,1.97
2020-12-24,90.32,48.23,0.926,0.09,1.97
2020-12-28,90.34,47.62,0.923,0.09,1.97
2020-12-29,89.99,48.0,0.94,0.09,1.96
2020-12-30,89.68,48.4,0.926,0.09,1.96
2020-12-31,89.94,48.52,0.916,0.09,1.99
2021-01-04,89.87,47.62,0.918,0.09,2.01
2021-01-05,89.44,49.93,0.955,0.09,2.03
2021-01-06,89.53,50.63,1.039,0.09,2.06
2021-01-07,89.83,50.83,1.081,0.09,2.09
2021-01-08,90.1,52.24,1.119,0.09,2.06
2021-01-11,90.46,52.25,1.144,0.09,2.06
2021-01-12,90.09,53.21,1.129,0.09,2.08
2021-01-13,90.36,52.91,1.092,0.09,2.06
2021-01-14,90.24,53.57,1.129,0.09,2.09
2021-01-15,90.77,52.36,1.087,0.09,2.1
2021-01-19,90.5,52.98,1.092,0.09,2.1
2021-01-20,90.47,53.24,1.077,0.09,2.12
2021-01-21,90.13,53.13,1.109,0.08,2.1
2021-01-22,90.24,52.27,1.086,0.08,2.09
2021-01-25,90.39,52.77,1.033,0.08,2.08
2021-01-26,90.17,52.61,1.033,0.08,2.08
2021-01-27,90.65,52.85,1.013,0.08,2.08
2021-01-28,90.46,52.34,1.052,0.07,2.13
2021-01-29,90.58,52.2,1.071,0.07,2.13
2021-02-01,90.98,53.55,1.079,0.08,2.11
2021-02-02,91.2,54.76,1.095,0.08,2.15
2021-02-03,91.17,55.69,1.139,0.08,2.19
2021-02-04,91.53,56.23,1.136,0.08,2.17
2021-02-05,91.04,56.85,1.169,0.08,2.21
2021-02-08,90.93,57.97,1.176,0.07,2.22
2021-02-09,90.44,58.36,1.16,0.08,2.22
2021-02-10,90.37,58.68,1.124,0.08,2.21
2021-02-11,90.42,58.24,1.165,0.08,2.2
2021-02-12,90.48,59.47,1.21,0.08,2.21
2021-02-16,90.51,60.05,1.311,0.08,2.24
2021-02-17,90.95,61.14,1.282,0.08,2.21
2021-02-18,90.59,60.52,1.297,0.07,2.16
2021-02-19,90.36,59.24,1.34,0.07,2.14
2021-02-22,90.01,61.49,1.369,0.07,2.16
2021-02-23,90.17,61.67,1.343,0.07,2.16
2021-02-24,90.18,63.22,1.372,0.07,2.17
2021-02-25,90.13,63.53,1.53,0.07,2.14
2021-02-26,90.88,61.5,1.407,0.07,2.15
2021-03-01,91.04,60.64,1.426,0.07,2.16
2021-03-02,90.79,59.75,1.398,0.07,2.2
2021-03-03,90.95,61.28,1.484,0.07,2.21
2021-03-04,91.63,63.83,1.557,0.07,2.2
2021-03-05,91.98,66.09,1.577,0.07,2.22
2021-03-08,92.31,65.05,1.603,0.07,2.21
2021-03-09,91.96,64.01,1.528,0.07,2.21
2021-03-10,91.82,64.44,1.521,0.07,2.26
2021-03-11,91.42,66.02,1.535,0.07,2.28
2021-03-12,91.68,65.61,1.625,0.07,2.26
2021-03-15,91.83,65.39,1.607,0.07,2.27
2021-03-16,91.86,64.8,1.621,0.07,2.3
2021-03-17,91.44,64.6,1.646,0.07,2.3
2021-03-18,91.86,60.0,1.706,0.07,2.27
2021-03-19,91.92,61.42,1.73,0.07,2.31
2021-03-22,91.74,61.55,1.695,0.07,2.33
2021-03-23,92.34,57.76,1.622,0.07,2.29
2021-03-24,92.53,61.18,1.614,0.07,2.31
2021-03-25,92.53,58.56,1.633,0.07,2.32
2021-03-26,92.77,60.97,1.674,0.07,2.34
2021-03-29,92.94,61.56,1.717,0.07,2.36
2021-03-30,93.3,60.55,1.71,0.07,2.35
2021-03-31,93.23,59.16,1.744,0.06,2.37
2021-04-01,92.93,61.45,1.673,0.07,2.35
2021-04-05,92.6,58.65,1.707,0.07,2.35
2021-04-06,92.33,59.33,1.658,0.07,2.32
2021-04-07,92.46,59.77,1.679,0.07,2.34
2021-04-08,92.06,59.6,1.626,0.07,2.33
2021-04-09,92.16,59.32,1.662,0.07,2.31
2021-04-12,92.14,59.7,1.669,0.07,2.33
2021-04-13,91.85,60.18,1.62,0.07,2.33
2021-04-14,91.69,63.15,1.634,0.07,2.33
2021-04-15,91.69,63.46,1.574,0.07,2.33
2021-04-16,91.56,63.13,1.59,0.07,2.36
2021-04-19,91.07,63.38,1.61,0.07,2.34
2021-04-20,91.24,62.44,1.566,0.07,2.32
2021-04-21,91.15,61.35,1.559,0.07,2.33
2021-04-22,91.33,61.43,1.542,0.07,2.33
2021-04-23,90.86,62.14,1.559,0.07,2.34
2021-04-26,90.81,61.91,1.568,0.07,2.36
2021-04-27,90.91,62.94,1.625,0.07,2.39
2021-04-28,90.61,63.86,1.611,0.07,2.41
2021-04-29,90.61,65.01,1.641,0.06,2.42
2021-04-30,91.28,63.58,1.626,0.05,2.41
2021-05-03,90.94,64.49,1.599,0.06,2.42
2021-05-04,91.29,65.69,1.591,0.06,2.42
2021-05-05,91.31,65.63,1.571,0.06,2.47
2021-05-06,90.95,64.71,1.57,0.06,2.45
2021-05-07,90.23,64.9,1.579,0.06,2.49
2021-05-10,90.21,64.92,1.604,0.06,2.54
2021-05-11,90.14,65.28,1.622,0.06,2.53
2021-05-12,90.71,66.08,1.693,0.06,2.54
2021-05-13,90.75,63.82,1.659,0.06,2.51
2021-05-14,90.32,65.37,1.635,0.06,2.51
2021-05-17,90.16,66.27,1.652,0.06,2.54
2021-05-18,89.75,65.49,1.64,0.06,2.52
2021-05-19,90.19,63.36,1.676,0.06,2.48
2021-05-20,89.81,62.05,1.628,0.06,2.41
2021-05-21,90.02,63.58,1.623,0.06,2.43
2021-05-24,89.84,66.05,1.603,0.06,2.44
2021-05-25,89.64,66.07,1.56,0.06,2.42
2021-05-26,90.04,66.21,1.581,0.06,2.4
2021-05-27,89.97,66.85,1.606,0.06,2.42
2021-05-28,90.03,66.32,1.581,0.05,2.42
2021-06-01,89.83,67.72,1.606,0.06,2.46
2021-06-02,89.91,68.83,1.589,0.06,2.44
2021-06-03,90.51,68.81,1.625,0.06,2.42
2021-06-04,90.14,69.62,1.557,0.06,2.4
2021-06-07,89.95,69.23,1.569,0.06,2.39
2021-06-08,90.08,70.05,1.538,0.06,2.36
2021-06-09,90.12,69.96,1.492,0.06,2.32
2021-06-10,90.07,70.29,1.437,0.06,2.35
2021-06-11,90.56,70.91,1.454,0.06,2.32
2021-06-14,90.52,70.88,1.497,0.06,2.36
2021-06-15,90.54,72.12,1.489,0.06,2.38
2021-06-16,91.13,72.15,1.581,0.06,2.32
2021-06-17,91.89,71.04,1.511,0.1,2.27
2021-06-18,92.22,71.64,1.443,0.1,2.24
2021-06-21,91.9,73.66,1.497,0.1,2.25
2021-06-22,91.76,73.06,1.467,0.1,2.31
2021-06-23,91.8,73.08,1.485,0.1,2.34
2021-06-24,91.81,73.3,1.499,0.1,2.3
2021-06-25,91.85,74.05,1.524,0.1,2.34
2021-06-28,91.89,72.91,1.482,0.1,2.33
2021-06-29,92.05,72.98,1.475,0.1,2.32
2021-06-30,92.44,73.47,1.468,0.08,2.32
2021-07-01,92.6,75.23,1.459,0.1,2.35
2021-07-02,92.23,75.16,1.431,0.1,2.33
2021-07-06,92.55,73.37,1.352,0.1,2.31
2021-07-07,92.64,72.2,1.323,0.1,2.28
2021-07-08,92.42,72.94,1.294,0.1,2.22
2021-07-09,92.13,74.56,1.361,0.1,2.28
2021-07-12,92.26,74.1,1.368,0.1,2.33
2021-07-13,92.75,75.25,1.418,0.1,2.36
2021-07-14,92.41,73.13,1.349,0.1,2.34
2021-07-15,92.62,71.65,1.301,0.1,2.32
2021-07-16,92.69,71.81,1.3,0.1,2.33
2021-07-19,92.89,66.42,1.199,0.1,2.24
2021-07-20,92.97,67.42,1.222,0.1,2.26
2021-07-21,92.75,70.3,1.292,0.1,2.28
2021-07-22,92.82,71.91,1.277,0.1,2.28
2021-07-23,92.91,72.07,1.281,0.1,2.35
2021-07-26,92.65,71.91,1.295,0.1,2.4
2021-07-27,92.43,71.65,1.239,0.1,2.38
2021-07-28,92.32,72.39,1.238,0.1,2.41
2021-07-29,91.86,73.62,1.266,0.1,2.43
2021-07-30,92.17,73.95,1.226,0.07,2.4
2021-08-02,92.05,71.26,1.179,0.1,2.37
2021-08-03,92.08,70.56,1.174,0.1,2.38
2021-08-04,92.27,68.15,1.18,0.1,2.35
2021-08-05,92.24,69.09,1.225,0.1,2.33
2021-08-06,92.8,68.28,1.305,0.1,2.37
2021-08-09,92.94,66.48,1.325,0.1,2.37
2021-08-10,93.06,68.29,1.354,0.1,2.4
2021-08-11,92.92,69.25,1.335,0.1,2.42
2021-08-12,93.04,69.09,1.361,0.1,2.41
2021-08-13,92.52,68.44,1.283,0.1,2.37
2021-08-16,92.63,67.29,1.268,0.1,2.36
2021-08-17,93.13,66.59,1.267,0.1,2.33
2021-08-18,93.14,65.46,1.26,0.09,2.32
2021-08-19,93.57,63.69,1.243,0.09,2.28
2021-08-20,93.5,62.32,1.255,0.09,2.27
2021-08-23,92.96,65.64,1.253,0.09,2.27
2021-08-24,92.89,67.54,1.297,0.09,2.3
2021-08-25,92.82,68.36,1.349,0.09,2.35
2021-08-26,93.06,67.42,1.354,0.09,2.33
2021-08-27,92.69,68.74,1.31,0.08,2.39
2021-08-30,92.65,69.21,1.28,0.08,2.37
2021-08-31,92.63,68.5,1.307,0.06,2.33
2021-09-01,92.45,68.59,1.299,0.08,2.34
2021-09-02,92.22,69.99,1.285,0.08,2.32
2021-09-03,92.04,69.29,1.326,0.08,2.34
2021-09-07,92.51,68.35,1.377,0.08,2.36
2021-09-08,92.65,69.3,1.336,0.08,2.38
2021-09-09,92.48,68.14,1.297,0.08,2.38
2021-09-10,92.58,69.72,1.343,0.08,2.4
2021-09-13,92.68,70.45,1.326,0.08,2.37
2021-09-14,92.62,70.46,1.284,0.08,2.33
2021-09-15,92.55,72.61,1.304,0.08,2.35
2021-09-16,92.93,72.61,1.336,0.08,2.35
2021-09-17,93.19,71.97,1.363,0.08,2.33
2021-09-20,93.28,70.29,1.312,0.08,2.29
2021-09-21,93.2,70.56,1.328,0.08,2.29
2021-09-22,93.46,72.23,1.304,0.08,2.28
2021-09-23,93.03,73.3,1.435,0.08,2.31
2021-09-24,93.33,73.98,1.453,0.08,2.34
2021-09-27,93.38,75.45,1.491,0.08,2.35
2021-09-28,93.77,75.29,1.546,0.08,2.38
2021-09-29,94.34,74.83,1.524,0.08,2.37
2021-09-30,94.23,75.03,1.492,0.06,2.37
2021-10-01,94.04,75.88,1.465,0.08,2.38
2021-10-04,93.78,77.62,1.481,0.08,2.38
2021-10-05,93.97,78.93,1.528,0.08,2.45
2021-10-06,94.27,77.43,1.528,0.08,2.43
2021-10-07,94.22,78.3,1.576,0.08,2.46
2021-10-08,94.07,79.35,1.612,0.08,2.5
2021-10-12,94.52,80.64,1.572,0.08,2.49
2021-10-13,94.08,80.44,1.542,0.08,2.52
2021-10-14,93.96,81.31,1.516,0.08,2.52
2021-10-15,93.94,82.28,1.574,0.08,2.56
2021-10-18,93.95,82.44,1.591,0.08,2.54
2021-10-19,93.73,82.96,1.641,0.08,2.54
2021-10-20,93.56,83.87,1.66,0.08,2.57
2021-10-21,93.77,82.5,1.696,0.08,2.64
2021-10-22,93.64,83.76,1.638,0.08,2.64
2021-10-25,93.81,83.76,1.633,0.08,2.66
2021-10-26,93.95,84.65,1.61,0.08,2.69
2021-10-27,93.8,82.66,1.55,0.08,2.65
2021-10-28,93.35,82.81,1.578,0.08,2.57
2021-10-29,94.12,83.57,1.561,0.07,2.51
2021-11-01,93.88,84.05,1.561,0.08,2.5
2021-11-02,94.09,83.91,1.547,0.08,2.51
2021-11-03,93.86,80.86,1.603,0.08,2.53
2021-11-04,94.35,78.81,1.53,0.08,2.56
2021-11-05,94.32,81.27,1.455,0.08,2.54
2021-11-08,94.05,81.93,1.493,0.08,2.62
2021-11-09,93.96,84.15,1.439,0.08,2.63
2021-11-10,94.85,81.34,1.57,0.08,2.7
2021-11-12,95.13,80.79,1.57,0.08,2.73
2021-11-15,95.41,80.88,1.618,0.08,2.76
2021-11-16,95.92,80.76,1.64,0.08,2.73
2021-11-17,95.83,78.36,1.585,0.08,2.7
2021-11-18,95.54,79.01,1.587,0.08,2.73
2021-11-19,96.03,76.1,1.548,0.08,2.65
2021-11-22,96.55,76.75,1.632,0.08,2.61
2021-11-23,96.49,78.5,1.676,0.08,2.62
2021-11-24,96.88,78.39,1.643,0.08,2.61
2021-11-26,96.09,68.15,1.482,0.08,2.55
2021-11-29,96.34,69.95,1.502,0.08,2.54
2021-11-30,95.99,66.18,1.456,0.07,2.5
2021-12-01,96.03,65.57,1.404,0.08,2.44
2021-12-02,96.16,66.5,1.444,0.08,2.47
2021-12-03,96.12,66.26,1.356,0.08,2.43
2021-12-06,96.33,69.49,1.433,0.08,2.44
2021-12-07,96.37,72.05,1.482,0.08,2.47
2021-12-08,95.89,72.36,1.528,0.08,2.52
2021-12-09,96.27,70.94,1.497,0.08,2.47
2021-12-10,96.1,71.67,1.482,0.08,2.44
2021-12-13,96.32,71.29,1.414,0.08,2.4
2021-12-14,96.57,70.73,1.441,0.08,2.37
2021-12-15,96.51,70.87,1.458,0.08,2.39
2021-12-16,96.04,72.38,1.424,0.08,2.42
2021-12-17,96.57,70.86,1.407,0.08,2.38
2021-12-20,96.55,68.23,1.428,0.08,2.39
2021-12-21,96.49,71.12,1.467,0.08,2.44
2021-12-22,96.08,72.76,1.453,0.08,2.47
2021-12-23,96.02,73.79,1.493,0.08,2.47
2021-12-27,96.09,75.57,1.477,0.08,2.5
2021-12-28,96.2,75.98,1.484,0.08,2.5
2021-12-29,95.93,76.56,1.556,0.08,2.53
2021-12-30,95.97,76.99,1.507,0.08,2.58
2021-12-31,95.97,75.21,1.512,0.07,2.56
2022-01-03,96.21,76.08,1.637,0.08,2.6
2022-01-04,96.26,76.99,1.649,0.08,2.57
2022-01-05,96.17,77.85,1.7,0.08,2.53
2022-01-06,96.32,79.46,1.728,0.08,2.46
2022-01-07,95.72,78.9,1.765,0.08,2.48
2022-01-10,95.99,78.23,1.755,0.08,2.48
2022-01-11,95.62,81.22,1.746,0.08,2.54
2022-01-12,94.92,82.64,1.752,0.08,2.48
2022-01-13,94.79,82.12,1.701,0.08,2.43
2022-01-14,95.17,83.82,1.793,0.08,2.44
2022-01-18,95.73,85.43,1.875,0.08,2.46
2022-01-19,95.51,86.96,1.854,0.08,2.4
2022-01-20,95.74,86.9,1.811,0.08,2.33
2022-01-21,95.64,85.14,1.77,0.08,2.34
2022-01-24,95.92,83.31,1.776,0.08,2.38
2022-01-25,95.95,85.6,1.776,0.08,2.41
2022-01-26,96.39,87.35,1.873,0.08,2.38
2022-01-27,97.25,86.61,1.803,0.08,2.4
2022-01-28,97.27,86.82,1.778,0.08,2.44
2022-01-31,96.54,88.15,1.784,0.08,2.44
2022-02-01,96.39,88.2,1.795,0.08,2.43
2022-02-02,95.94,88.26,1.771,0.08,2.41
2022-02-03,95.38,90.27,1.836,0.08,2.38
2022-02-04,95.49,92.31,1.916,0.08,2.41
2022-02-07,95.4,91.32,1.919,0.08,2.4
2022-02-08,95.64,89.36,1.965,0.08,2.42
2022-02-09,95.49,89.66,1.945,0.08,2.42
2022-02-10,95.55,89.88,2.043,0.08,2.45
2022-02-11,96.08,93.1,1.918,0.08,2.43
2022-02-14,96.37,95.46,1.986,0.08,2.48
2022-02-15,95.99,92.07,2.043,0.08,2.48
2022-02-16,95.7,93.66,2.04,0.08,2.46
2022-02-17,95.8,91.76,1.968,0.08,2.43
2022-02-18,96.04,91.07,1.927,0.08,2.41
2022-02-22,96.03,92.35,1.944,0.08,2.45
2022-02-23,96.19,92.1,1.998,0.08,2.53
2022-02-24,97.14,92.81,1.97,0.08,2.55
2022-02-25,96.61,91.59,1.97,0.08,2.54
2022-02-28,96.71,95.72,1.822,0.08,2.62
2022-03-01,97.41,103.41,1.716,0.08,2.62
2022-03-02,97.39,110.6,1.878,0.08,2.71
2022-03-03,97.79,107.67,1.84,0.08,2.69
2022-03-04,98.65,115.68,1.737,0.08,2.67
2022-03-07,99.29,119.4,1.777,0.08,2.77
2022-03-08,99.06,123.7,1.84,0.08,2.9
2022-03-09,97.97,108.7,1.951,0.08,2.84
2022-03-10,98.51,106.02,1.993,0.08,2.86
2022-03-11,99.12,109.33,1.997,0.08,2.94
2022-03-14,99.0,103.01,2.142,0.08,2.93
2022-03-15,99.1,96.44,2.149,0.08,2.84
2022-03-16,98.62,95.04,2.192,0.08,2.8
2022-03-17,97.97,102.98,2.167,0.33,2.91
2022-03-18,98.23,104.7,2.153,0.33,2.86
2022-03-21,98.5,112.12,2.297,0.33,2.9
2022-03-22,98.49,111.76,2.381,0.33,2.91
2022-03-23,98.62,114.93,2.29,0.33,2.94
2022-03-24,98.79,112.34,2.37,0.33,2.92
2022-03-25,98.79,113.9,2.488,0.33,2.95
2022-03-28,99.09,105.96,2.466,0.33,2.95
2022-03-29,98.4,104.24,2.398,0.33,2.86
2022-03-30,97.79,107.82,2.358,0.33,2.86
2022-03-31,98.31,100.28,2.345,0.33,2.84
2022-04-01,98.63,99.27,2.389,0.33,2.8
2022-04-04,99.0,103.28,2.393,0.33,2.8
2022-04-05,99.47,101.96,2.554,0.33,2.84
2022-04-06,99.6,96.23,2.598,0.33,2.83
2022-04-07,99.75,96.03,2.665,0.33,2.82
2022-04-08,99.8,98.26,2.704,0.33,2.87
2022-04-11,99.93,94.29,2.774,0.33,2.91
2022-04-12,100.29,100.6,2.727,0.33,2.86
2022-04-13,99.88,104.25,2.703,0.33,2.8
2022-04-14,100.32,106.95,2.828,0.33,2.89
2022-04-18,100.78,108.21,2.857,0.33,2.92
2022-04-19,100.96,102.56,2.94,0.33,2.93
2022-04-20,100.39,102.75,2.834,0.33,2.92
2022-04-21,100.58,103.79,2.908,0.33,3.02
2022-04-22,101.22,102.07,2.905,0.33,2.98
2022-04-25,101.75,98.54,2.818,0.33,2.91
2022-04-26,102.3,101.7,2.728,0.33,2.85
2022-04-27,102.95,102.02,2.826,0.33,2.88
2022-04-28,103.62,105.36,2.832,0.33,2.97
2022-04-29,102.96,104.69,2.938,0.33,2.88
2022-05-02,103.74,105.17,2.977,0.33,2.81
2022-05-03,103.46,102.41,2.979,0.33,2.83
2022-05-04,102.59,107.81,2.946,0.33,2.86
2022-05-05,103.75,108.26,3.035,0.83,2.87
2022-05-06,103.66,109.77,3.142,0.83,2.86
2022-05-09,103.65,103.09,3.034,0.83,2.75
2022-05-10,103.92,99.76,2.989,0.83,2.65
2022-05-11,103.85,105.71,2.925,0.83,2.7
2022-05-12,104.85,106.13,2.855,0.83,2.59
2022-05-13,104.56,110.49,2.928,0.83,2.69
2022-05-16,104.19,114.2,2.886,0.83,2.68
2022-05-17,103.36,112.4,2.995,0.83,2.71
2022-05-18,103.81,109.59,2.884,0.83,2.72
2022-05-19,102.72,112.21,2.837,0.83,2.59
2022-05-20,103.15,113.23,2.788,0.83,2.55
2022-05-23,102.08,110.29,2.861,0.83,2.6
2022-05-24,101.86,109.77,2.754,0.83,2.55
2022-05-25,102.06,110.33,2.751,0.83,2.56
2022-05-26,101.83,114.09,2.742,0.83,2.62
2022-05-27,101.67,115.07,2.743,0.83,2.63
2022-05-31,101.75,114.67,2.849,0.83,2.64
2022-06-01,102.5,115.26,2.911,0.83,2.65
2022-06-02,101.82,116.87,2.913,0.83,2.66
2022-06-03,102.14,118.87,2.941,0.83,2.74
2022-06-06,102.44,118.5,3.04,0.83,2.76
2022-06-07,102.32,119.41,2.979,0.83,2.73
2022-06-08,102.54,122.11,3.027,0.83,2.75
2022-06-09,103.22,121.51,3.046,0.83,2.75
2022-06-10,104.15,120.67,3.165,0.83,2.76
2022-06-13,105.08,120.93,3.362,0.83,2.74
2022-06-14,105.52,118.93,3.479,0.83,2.6
2022-06-15,105.16,115.31,3.292,0.83,2.7
2022-06-16,103.63,117.59,3.195,1.58,2.62
2022-06-17,104.7,109.56,3.231,1.58,2.58
2022-06-21,104.43,110.65,3.279,1.58,2.61
2022-06-22,104.2,106.19,3.16,1.58,2.54
2022-06-23,104.43,104.27,3.089,1.58,2.5
2022-06-24,104.18,107.62,3.138,1.58,2.56
2022-06-27,103.94,109.57,3.202,1.58,2.55
2022-06-28,104.51,111.76,3.177,1.58,2.48
2022-06-29,105.11,109.78,3.087,1.58,2.36
2022-06-30,104.68,105.76,3.017,1.58,2.33
2022-07-01,105.14,108.43,2.889,1.58,2.34
2022-07-05,106.54,99.5,2.818,1.58,2.3
2022-07-06,107.1,98.53,2.934,1.58,2.29
2022-07-07,107.13,102.73,3.0,1.58,2.33
2022-07-08,107.01,104.79,3.08,1.58,2.37
2022-07-11,108.02,104.09,2.993,1.58,2.32
2022-07-12,108.07,95.84,2.971,1.58,2.32
2022-07-13,107.96,96.3,2.935,1.58,2.31
2022-07-14,108.54,95.78,2.958,1.58,2.34
2022-07-15,108.06,97.59,2.928,1.58,2.36
2022-07-18,107.37,102.6,2.989,1.58,2.37
2022-07-19,106.68,104.22,3.028,1.58,2.39
2022-07-20,107.08,102.26,3.03,1.58,2.38
2022-07-21,106.91,96.35,2.882,1.58,2.33
2022-07-22,106.73,94.7,2.754,1.58,2.34
2022-07-25,106.48,96.7,2.807,1.58,2.36
2022-07-26,107.19,94.98,2.803,1.58,2.36
2022-07-27,106.45,97.26,2.785,1.58,2.42
2022-07-28,106.35,96.42,2.671,2.33,2.48
2022-07-29,105.9,98.62,2.658,2.32,2.53
2022-08-01,105.45,93.89,2.588,2.33,2.51
2022-08-02,106.24,94.42,2.748,2.33,2.48
2022-08-03,106.51,90.66,2.706,2.33,2.5
2022-08-04,105.69,88.54,2.694,2.33,2.46
2022-08-05,106.62,89.01,2.827,2.33,2.46
2022-08-08,106.43,90.76,2.75,2.33,2.48
2022-08-09,106.37,90.5,2.779,2.33,2.47
2022-08-10,105.2,91.93,2.785,2.33,2.43
2022-08-11,105.09,94.34,2.889,2.33,2.47
2022-08-12,105.63,92.09,2.842,2.33,2.47
2022-08-15,106.55,89.41,2.793,2.33,2.44
2022-08-16,106.5,86.53,2.808,2.33,2.44
2022-08-17,106.57,88.11,2.902,2.33,2.46
2022-08-18,107.48,90.5,2.886,2.33,2.52
2022-08-19,108.17,90.77,2.976,2.33,2.55
2022-08-22,109.05,90.23,3.024,2.33,2.57
2022-08-23,108.62,93.74,3.057,2.33,2.58
2022-08-24,108.68,94.89,3.109,2.33,2.62
2022-08-25,108.47,92.52,3.031,2.33,2.6
2022-08-26,108.8,93.06,3.03,2.33,2.57
2022-08-29,108.83,97.01,3.114,2.33,2.58
2022-08-30,108.77,91.64,3.112,2.33,2.55
2022-08-31,108.7,89.55,3.196,2.33,2.48
2022-09-01,109.69,86.61,3.259,2.33,2.45
2022-09-02,109.53,86.87,3.195,2.33,2.47
2022-09-06,110.21,86.88,3.351,2.33,2.48
2022-09-07,109.84,81.94,3.267,2.33,2.45
2022-09-08,109.71,83.54,3.323,2.33,2.41
2022-09-09,109.0,86.79,3.315,2.33,2.42
2022-09-12,108.33,87.78,3.358,2.33,2.42
2022-09-13,109.82,87.31,3.412,2.33,2.44
2022-09-14,109.66,88.48,3.404,2.33,2.46
2022-09-15,109.74,85.1,3.449,2.33,2.43
2022-09-16,109.76,85.11,3.455,2.33,2.38
2022-09-19,109.74,85.73,3.494,2.33,2.34
2022-09-20,110.21,84.45,3.569,2.33,2.4
2022-09-21,110.64,82.94,3.534,2.33,2.38
2022-09-22,111.35,83.49,3.71,3.08,2.41
2022-09-23,113.19,78.74,3.687,3.08,2.37
2022-09-26,114.1,76.71,3.928,3.08,2.32
2022-09-27,114.11,78.5,3.949,3.08,2.33
2022-09-28,112.6,82.15,3.737,3.08,2.33
2022-09-29,112.25,81.23,3.782,3.08,2.19
2022-09-30,112.12,79.49,3.829,3.08,2.15
2022-10-03,111.75,83.63,3.643,3.08,2.24
2022-10-04,110.07,86.52,3.635,3.08,2.24
2022-10-05,111.07,87.76,3.755,3.08,2.22
2022-10-06,112.26,88.45,3.828,3.08,2.22
2022-10-07,112.79,92.64,3.888,3.08,2.27
2022-10-11,113.22,89.35,3.945,3.08,2.31
2022-10-12,113.32,87.27,3.902,3.08,2.29
2022-10-13,112.36,89.11,3.95,3.08,2.34
2022-10-14,113.31,85.61,4.023,3.08,2.41
2022-10-17,112.04,85.46,4.012,3.08,2.45
2022-10-18,112.13,82.82,4.007,3.08,2.41
2022-10-19,112.98,85.55,4.138,3.08,2.42
2022-10-20,112.88,85.98,4.233,3.08,2.51
2022-10-21,112.01,85.05,4.219,3.08,2.52
2022-10-24,111.99,84.58,4.247,3.08,2.59
2022-10-25,110.95,85.32,4.1,3.08,2.51
2022-10-26,109.7,87.91,4.007,3.08,2.44
2022-10-27,110.59,89.08,3.927,3.08,2.45
2022-10-28,110.75,87.9,4.01,3.08,2.51
2022-10-31,111.53,86.53,4.05,3.08,2.52
2022-11-01,111.48,88.37,4.048,3.08,2.51
2022-11-02,111.35,90.0,4.096,3.08,2.53
2022-11-03,112.93,88.17,4.149,3.83,2.4
2022-11-04,110.88,92.61,4.163,3.83,2.48
2022-11-07,110.12,91.79,4.218,3.83,2.53
2022-11-08,109.64,88.91,4.128,3.83,2.5
2022-11-09,110.55,85.83,4.099,3.83,2.42
2022-11-10,108.21,86.47,3.811,3.83,2.39
2022-11-14,106.66,85.87,3.863,3.83,2.37
2022-11-15,106.4,86.92,3.777,3.83,2.35
2022-11-16,106.28,85.59,3.69,3.83,2.29
2022-11-17,106.69,81.64,3.769,3.83,2.28
2022-11-18,106.93,80.08,3.829,3.83,2.25
2022-11-21,107.83,79.73,3.84,3.83,2.31
2022-11-22,107.22,80.95,3.758,3.83,2.32
2022-11-23,106.08,77.94,3.689,3.83,2.32
2022-11-25,105.96,76.28,3.691,3.83,2.32
2022-11-28,106.68,77.24,3.679,3.83,2.26
2022-11-29,106.82,78.2,3.75,3.83,2.25
2022-11-30,105.95,80.55,3.611,3.83,2.34
2022-12-01,104.73,81.22,3.51,3.83,2.36
2022-12-02,104.54,79.98,3.492,3.83,2.43
2022-12-05,105.29,76.93,3.583,3.83,2.39
2022-12-06,105.58,74.25,3.531,3.83,2.31
2022-12-07,105.1,72.01,3.421,3.83,2.26
2022-12-08,104.77,71.46,3.489,3.83,2.28
2022-12-09,104.81,71.02,3.586,3.83,2.26
2022-12-12,105.13,73.17,3.617,3.83,2.28
2022-12-13,103.98,75.39,3.501,3.83,2.24
2022-12-14,103.77,77.28,3.479,3.83,2.19
2022-12-15,104.56,76.11,3.45,4.33,2.16
2022-12-16,104.7,74.29,3.488,4.33,2.13
2022-12-19,104.72,75.19,3.59,4.33,2.15
2022-12-20,103.96,76.09,3.692,4.33,2.24
2022-12-21,104.16,78.29,3.673,4.33,2.27
2022-12-22,104.43,77.49,3.686,4.33,2.19
2022-12-23,104.31,79.56,3.751,4.33,2.2
2022-12-27,104.18,79.53,3.849,4.33,2.26
2022-12-28,104.46,78.96,3.886,4.33,2.28
2022-12-29,103.84,78.4,3.82,4.33,2.27
2022-12-30,103.52,80.26,3.879,4.33,2.3
2023-01-03,104.52,76.93,3.752,4.33,2.26
2023-01-04,104.25,72.84,3.69,4.33,2.22
2023-01-05,105.04,73.67,3.722,4.33,2.22
2023-01-06,103.88,73.77,3.56,4.33,2.21
2023-01-09,103.0,74.63,3.527,4.33,2.22
2023-01-10,103.24,75.12,3.615,4.33,2.24
2023-01-11,103.19,77.41,3.543,4.33,2.23
2023-01-12,102.25,78.39,3.444,4.33,2.21
2023-01-13,102.2,79.86,3.498,4.33,2.18
2023-01-17,102.39,80.18,3.549,4.33,2.17
2023-01-18,102.36,79.48,3.373,4.33,2.12
2023-01-19,102.06,80.33,3.399,4.33,2.2
2023-01-20,102.01,81.31,3.482,4.33,2.23
2023-01-23,102.14,81.62,3.521,4.33,2.28
2023-01-24,101.92,80.13,3.455,4.33,2.27
2023-01-25,101.64,80.15,3.451,4.33,2.29
2023-01-26,101.84,81.01,3.506,4.33,2.33
2023-01-27,101.93,79.68,3.507,4.33,2.33
2023-01-30,102.28,77.9,3.542,4.33,2.29
2023-01-31,102.1,78.87,3.51,4.33,2.24
2023-02-01,101.22,76.41,3.417,4.33,2.25
2023-02-02,101.75,75.88,3.402,4.58,2.22
2023-02-03,102.92,73.39,3.519,4.58,2.22
2023-02-06,103.62,74.11,3.644,4.58,2.25
2023-02-07,103.43,77.14,3.679,4.58,2.31
2023-02-08,103.41,78.47,3.615,4.58,2.34
2023-02-09,103.22,78.06,3.664,4.57,2.33
2023-02-10,103.63,79.72,3.743,4.58,2.33
2023-02-13,103.35,80.14,3.704,4.58,2.31
2023-02-14,103.23,79.06,3.753,4.58,2.31
2023-02-15,103.92,78.59,3.803,4.58,2.35
2023-02-16,103.86,78.49,3.863,4.58,2.37
2023-02-17,103.86,76.34,3.817,4.58,2.36
2023-02-21,104.18,76.16,3.954,4.58,2.42
2023-02-22,104.58,73.95,3.927,4.58,2.41
2023-02-23,104.6,75.39,3.89,4.58,2.39
2023-02-24,105.21,76.32,3.947,4.58,2.38
2023-02-27,104.67,75.68,3.922,4.57,2.36
2023-02-28,104.87,77.05,3.928,4.57,2.43
2023-03-01,104.48,77.69,3.994,4.58,2.44
2023-03-02,105.03,78.16,4.062,4.57,2.48
2023-03-03,104.52,79.68,3.958,4.57,2.52
2023-03-06,104.35,80.46,3.964,4.57,2.49
2023-03-07,105.61,77.58,3.97,4.57,2.38
2023-03-08,105.66,76.66,3.989,4.57,2.32
2023-03-09,105.31,75.72,3.907,4.57,2.3
2023-03-10,104.58,76.68,3.704,4.57,2.26
2023-03-13,103.6,74.8,3.545,4.58,2.24
2023-03-14,103.6,71.33,3.685,4.58,2.31
2023-03-15,104.65,67.61,3.462,4.58,2.29
2023-03-16,104.42,68.35,3.579,4.58,2.22
2023-03-17,103.71,66.74,3.438,4.58,2.1
2023-03-20,103.28,67.64,3.483,4.58,2.14
2023-03-21,103.26,69.33,3.608,4.58,2.23
2023-03-22,102.35,70.9,3.451,4.58,2.28
2023-03-23,102.53,69.96,3.414,4.83,2.19
2023-03-24,103.12,69.26,3.372,4.83,2.22
2023-03-27,102.86,72.81,3.539,4.83,2.24
2023-03-28,102.43,73.2,3.572,4.83,2.31
2023-03-29,102.64,72.97,3.566,4.83,2.33
2023-03-30,102.14,74.37,3.547,4.83,2.34
2023-03-31,102.51,75.67,3.473,4.83,2.32
2023-04-03,102.09,80.42,3.415,4.83,2.29
2023-04-04,101.59,80.71,3.339,4.83,2.25
2023-04-05,101.85,80.61,3.309,4.83,2.23
2023-04-06,101.82,80.7,3.303,4.83,2.24
2023-04-10,102.58,79.74,3.415,4.83,2.27
2023-04-11,102.2,81.53,3.432,4.83,2.29
2023-04-12,101.5,83.26,3.4,4.83,2.27
2023-04-13,101.01,82.16,3.449,4.83,2.29
2023-04-14,101.55,82.52,3.515,4.83,2.3
2023-04-17,102.1,80.83,3.606,4.83,2.32
2023-04-18,101.75,80.86,3.578,4.83,2.28
2023-04-19,101.97,79.16,3.591,4.83,2.28
2023-04-20,101.84,77.29,3.536,4.83,2.26
2023-04-21,101.82,77.87,3.568,4.83,2.28
2023-04-24,101.35,78.76,3.496,4.83,2.28
2023-04-25,101.86,77.07,3.4,4.83,2.25
2023-04-26,101.47,74.3,3.445,4.83,2.25
2023-04-27,101.5,74.76,3.528,4.83,2.27
2023-04-28,101.66,76.78,3.433,4.83,2.18
2023-05-01,102.15,75.66,3.57,4.83,2.23
2023-05-02,101.96,71.66,3.433,4.83,2.2
2023-05-03,101.34,68.6,3.364,4.83,2.2
2023-05-04,101.4,68.56,3.377,5.08,2.19
2023-05-05,101.21,71.34,3.435,5.08,2.21
2023-05-08,101.38,73.16,3.507,5.08,2.23
2023-05-09,101.61,73.71,3.522,5.08,2.23
2023-05-10,101.48,72.56,3.439,5.08,2.17
2023-05-11,102.06,70.87,3.386,5.08,2.16
2023-05-12,102.68,70.04,3.463,5.08,2.18
2023-05-15,102.43,71.11,3.507,5.08,2.19
2023-05-16,102.56,70.86,3.541,5.08,2.19
2023-05-17,102.88,72.83,3.572,5.08,2.22
2023-05-18,103.58,71.86,3.651,5.08,2.23
2023-05-19,103.2,71.55,3.682,5.08,2.24
2023-05-22,103.2,71.99,3.719,5.08,2.24
2023-05-23,103.49,72.91,3.698,5.08,2.26
2023-05-24,103.89,74.34,3.744,5.08,2.25
2023-05-25,104.25,71.83,3.823,5.08,2.25
2023-05-26,104.21,72.67,3.81,5.08,2.23
2023-05-30,104.17,69.46,3.694,5.08,2.22
2023-05-31,104.33,68.09,3.646,5.08,2.18
2023-06-01,103.56,70.1,3.601,5.08,2.16
2023-06-02,104.01,71.74,3.698,5.08,2.18
2023-06-05,104.0,72.15,3.689,5.08,2.19
2023-06-06,104.13,71.74,3.677,5.08,2.2
2023-06-07,104.1,72.53,3.793,5.08,2.21
2023-06-08,103.34,71.29,3.718,5.08,2.2
2023-06-09,103.56,70.17,3.743,5.08,2.2
2023-06-12,103.65,67.12,3.743,5.08,2.17
2023-06-13,103.34,69.42,3.827,5.08,2.2
2023-06-14,102.95,68.27,3.79,5.08,2.21
2023-06-15,102.11,70.62,3.72,5.07,2.21
2023-06-16,102.24,71.78,3.767,5.08,2.22
2023-06-20,102.54,70.5,3.719,5.07,2.22
2023-06-21,102.07,72.53,3.727,5.07,2.21
2023-06-22,102.39,69.51,3.797,5.07,2.24
2023-06-23,102.9,69.16,3.737,5.07,2.21
2023-06-26,102.69,69.37,3.723,5.07,2.18
2023-06-27,102.49,67.7,3.772,5.07,2.2
2023-06-28,102.9,69.56,3.714,5.07,2.18
2023-06-29,103.34,69.86,3.842,5.07,2.2
2023-06-30,102.91,70.64,3.841,5.08,2.22
2023-07-03,102.96,69.79,3.858,5.08,2.25
2023-07-05,103.37,71.79,3.934,5.08,2.26
2023-07-06,103.07,71.8,4.031,5.08,2.27
2023-07-07,102.27,73.86,4.066,5.08,2.27
2023-07-10,101.97,72.99,4.0,5.07,2.25
2023-07-11,101.73,74.83,3.978,5.08,2.24
2023-07-12,100.52,75.75,3.861,5.08,2.26
2023-07-13,99.77,76.89,3.767,5.08,2.24
2023-07-14,99.91,75.42,3.83,5.08,2.24
2023-07-17,99.84,74.15,3.809,5.08,2.25
2023-07-18,99.94,75.75,3.789,5.08,2.23
2023-07-19,100.28,75.35,3.748,5.08,2.22
2023-07-20,100.88,75.63,3.856,5.08,2.35
2023-07-21,101.07,77.07,3.837,5.08,2.35
2023-07-24,101.35,78.74,3.878,5.08,2.38
2023-07-25,101.35,79.63,3.89,5.08,2.39
2023-07-26,100.89,78.78,3.873,5.08,2.36
2023-07-27,101.77,80.09,4.002,5.33,2.37
2023-07-28,101.62,80.58,3.957,5.33,2.38
2023-07-31,101.86,81.8,3.967,5.33,2.37
2023-08-01,102.3,81.37,4.037,5.33,2.37
2023-08-02,102.59,79.49,4.09,5.33,2.36
2023-08-03,102.54,81.55,4.179,5.33,2.37
2023-08-04,102.02,82.82,4.042,5.33,2.38
2023-08-07,102.05,81.94,4.097,5.33,2.41
2023-08-08,102.53,82.92,4.028,5.33,2.36
2023-08-09,102.49,84.4,4.016,5.33,2.34
2023-08-10,102.52,82.82,4.107,5.33,2.33
2023-08-11,102.84,83.19,4.158,5.33,2.36
2023-08-14,103.19,82.51,4.201,5.33,2.36
2023-08-15,103.21,80.99,4.219,5.33,2.32
2023-08-16,103.43,79.38,4.258,5.33,2.32
2023-08-17,103.57,80.39,4.284,5.33,2.33
2023-08-18,103.38,81.25,4.251,5.33,2.32
2023-08-21,103.3,80.72,4.342,5.33,2.34
2023-08-22,103.56,80.35,4.332,5.33,2.35
2023-08-23,103.42,78.89,4.196,5.33,2.35
2023-08-24,103.98,79.05,4.241,5.33,2.32
2023-08-25,104.08,79.83,4.231,5.33,2.33
2023-08-28,104.06,80.1,4.206,5.33,2.3
2023-08-29,103.53,81.16,4.12,5.33,2.29
2023-08-30,103.16,81.63,4.112,5.33,2.26
2023-08-31,103.62,83.63,4.106,5.33,2.24
2023-09-01,104.24,85.55,4.181,5.33,2.26
2023-09-05,104.81,86.69,4.266,5.33,2.29
2023-09-06,104.86,87.54,4.296,5.33,2.3
2023-09-07,105.06,86.87,4.25,5.33,2.32
2023-09-08,105.09,87.51,4.26,5.33,2.33
2023-09-11,104.57,87.29,4.294,5.33,2.35
2023-09-12,104.71,88.84,4.28,5.33,2.34
2023-09-13,104.77,88.52,4.254,5.33,2.35
2023-09-14,105.4,90.16,4.286,5.33,2.34
2023-09-15,105.32,90.77,4.336,5.33,2.35
2023-09-18,105.2,91.48,4.303,5.33,2.36
2023-09-19,105.16,91.2,4.365,5.33,2.37
2023-09-20,105.12,90.28,4.399,5.33,2.35
2023-09-21,105.36,89.63,4.494,5.33,2.38
2023-09-22,105.58,90.03,4.438,5.33,2.37
2023-09-25,106.0,89.68,4.531,5.33,2.37
2023-09-26,106.23,90.39,4.55,5.33,2.33
2023-09-27,106.67,93.68,4.608,5.33,2.34
2023-09-28,106.22,91.71,4.579,5.33,2.39
2023-09-29,106.22,90.79,4.579,5.33,2.35
2023-10-02,106.9,88.82,4.685,5.33,2.35
2023-10-03,107.0,89.23,4.795,5.33,2.36
2023-10-04,106.8,84.22,4.735,5.33,2.33
2023-10-05,106.33,82.31,4.721,5.33,2.31
2023-10-06,106.04,82.79,4.795,5.33,2.31
2023-10-10,105.82,85.97,4.657,5.33,2.32
2023-10-11,105.82,83.49,4.558,5.33,2.32
2023-10-12,106.6,82.91,4.697,5.33,2.34
2023-10-13,106.65,87.69,4.616,5.33,2.34
2023-10-16,106.24,86.66,4.7,5.33,2.38
2023-10-17,106.25,86.66,4.836,5.33,2.41
2023-10-18,106.57,88.32,4.911,5.33,2.44
2023-10-19,106.25,89.37,4.99,5.33,2.49
2023-10-20,106.16,88.75,4.914,5.33,2.47
2023-10-23,105.54,85.49,4.848,5.33,2.41
2023-10-24,106.27,83.74,4.819,5.33,2.4
2023-10-25,106.53,85.39,4.961,5.33,2.43
2023-10-26,106.6,83.21,4.849,5.33,2.42
2023-10-27,106.56,85.54,4.845,5.33,2.42
2023-10-30,106.12,82.31,4.888,5.33,2.44
2023-10-31,106.66,81.02,4.926,5.33,2.42
2023-11-01,106.88,80.44,4.734,5.33,2.41
2023-11-02,106.12,82.46,4.661,5.33,2.4
2023-11-03,105.02,80.51,4.576,5.33,2.39
2023-11-06,105.21,80.82,4.647,5.33,2.42
2023-11-07,105.54,77.37,4.569,5.33,2.39
2023-11-08,105.59,75.33,4.492,5.33,2.34
2023-11-09,105.91,75.74,4.632,5.33,2.33
2023-11-10,105.86,77.17,4.646,5.33,2.32
2023-11-13,105.63,78.26,4.638,5.33,2.31
2023-11-14,104.05,78.26,4.453,5.33,2.28
2023-11-15,104.39,76.66,4.537,5.33,2.31
2023-11-16,104.35,72.9,4.441,5.33,2.27
2023-11-17,103.92,75.89,4.439,5.33,2.28
2023-11-20,103.44,77.6,4.426,5.33,2.3
2023-11-21,103.57,77.77,4.398,5.33,2.25
2023-11-22,103.92,77.1,4.408,5.33,2.26
2023-11-24,103.4,75.54,4.472,5.33,2.26
2023-11-27,103.2,74.86,4.39,5.33,2.21
2023-11-28,102.75,76.41,4.325,5.33,2.22
2023-11-29,102.76,77.86,4.259,5.33,2.21
2023-11-30,103.5,75.96,4.33,5.33,2.23
2023-12-01,103.27,74.07,4.209,5.33,2.22
2023-12-04,103.71,73.04,4.259,5.33,2.21
2023-12-05,104.05,72.32,4.167,5.33,2.17
2023-12-06,104.15,69.38,4.114,5.33,2.14
2023-12-07,103.54,69.34,4.148,5.33,2.17
2023-12-08,104.01,71.23,4.229,5.33,2.21
2023-12-11,104.1,71.32,4.237,5.33,2.19
2023-12-12,103.86,68.61,4.21,5.33,2.16
2023-12-13,102.87,69.47,4.024,5.33,2.16
2023-12-14,101.96,71.58,3.921,5.33,2.22
2023-12-15,102.55,71.43,3.915,5.33,2.22
2023-12-18,102.56,72.47,3.935,5.33,2.21
2023-12-19,102.17,73.44,3.931,5.33,2.19
2023-12-20,102.41,74.22,3.853,5.33,2.19
2023-12-21,101.84,73.89,3.892,5.33,2.19
2023-12-22,101.7,73.56,3.901,5.33,2.19
2023-12-26,101.47,75.57,3.897,5.33,2.18
2023-12-27,100.99,74.11,3.789,5.33,2.15
2023-12-28,101.23,71.77,3.846,5.33,2.16
2023-12-29,101.33,71.65,3.866,5.33,2.16
2024-01-02,102.2,70.38,3.941,5.33,2.21
2024-01-03,102.49,72.7,3.92,5.33,2.2
2024-01-04,102.42,72.19,4.003,5.33,2.22
2024-01-05,102.41,73.81,4.051,5.33,2.22
2024-01-08,102.21,70.77,4.027,5.33,2.22
2024-01-09,102.57,72.24,4.015,5.33,2.22
2024-01-10,102.36,71.37,4.03,5.33,2.22
2024-01-11,102.29,72.02,3.975,5.33,2.22
2024-01-12,102.4,72.68,3.939,5.33,2.27
2024-01-16,103.36,72.4,4.054,5.33,2.3
2024-01-17,103.45,72.56,4.106,5.33,2.3
2024-01-18,103.54,74.08,4.142,5.33,2.34
2024-01-19,103.29,73.41,4.13,5.33,2.34
2024-01-22,103.33,75.19,4.107,5.33,2.31
2024-01-23,103.62,74.37,4.132,5.33,2.29
2024-01-24,103.24,75.09,4.18,5.33,2.3
2024-01-25,103.57,77.36,4.12,5.33,2.29
2024-01-26,103.43,78.01,4.139,5.33,2.3
2024-01-29,103.61,76.78,4.076,5.33,2.3
2024-01-30,103.4,77.82,4.036,5.33,2.26
2024-01-31,103.27,75.85,3.918,5.33,2.26
2024-02-01,103.05,73.82,3.882,5.33,2.19
2024-02-02,103.92,72.28,4.024,5.33,2.21
2024-02-05,104.45,72.78,4.162,5.33,2.27
2024-02-06,104.21,73.31,4.09,5.33,2.24
2024-02-07,104.06,73.86,4.115,5.33,2.23
2024-02-08,104.17,76.22,4.158,5.33,2.24
2024-02-09,104.11,76.84,4.177,5.33,2.25
2024-02-12,104.17,76.92,4.179,5.33,2.24
2024-02-13,104.96,77.87,4.326,5.33,2.29
2024-02-14,104.72,76.64,4.261,5.33,2.3
2024-02-15,104.3,78.03,4.234,5.33,2.3
2024-02-16,104.3,79.19,4.281,5.33,2.33
2024-02-20,104.08,78.18,4.275,5.33,2.32
2024-02-21,104.01,77.91,4.319,5.33,2.34
2024-02-22,103.96,78.61,4.331,5.33,2.31
2024-02-23,103.94,76.49,4.248,5.33,2.3
2024-02-26,103.83,77.58,4.281,5.33,2.31
2024-02-27,103.83,78.87,4.303,5.33,2.32
2024-02-28,103.97,78.54,4.266,5.33,2.33
2024-02-29,104.16,78.26,4.254,5.33,2.33
2024-03-01,103.86,79.97,4.186,5.33,2.32
2024-03-04,103.83,78.74,4.217,5.33,2.34
2024-03-05,103.8,78.15,4.151,5.33,2.32
2024-03-06,103.37,79.13,4.108,5.33,2.3
2024-03-07,102.82,78.93,4.089,5.33,2.28
2024-03-08,102.71,78.01,4.077,5.33,2.28
2024-03-11,102.87,77.93,4.098,5.33,2.27
2024-03-12,102.96,77.56,4.151,5.33,2.3
2024-03-13,102.79,79.72,4.188,5.33,2.3
2024-03-14,103.36,81.26,4.292,5.33,2.3
2024-03-15,103.43,81.04,4.308,5.33,2.32
2024-03-18,103.59,82.72,4.328,5.33,2.31
2024-03-19,103.84,83.47,4.293,5.33,2.3
2024-03-20,103.41,81.68,4.277,5.33,2.31
2024-03-21,104.0,81.07,4.269,5.33,2.34
2024-03-22,104.47,80.63,4.202,5.33,2.35
2024-03-25,104.24,81.95,4.249,5.33,2.33
2024-03-26,104.29,81.62,4.238,5.33,2.32
2024-03-27,104.35,81.35,4.188,5.33,2.32
2024-03-28,104.55,83.17,4.206,5.33,2.32
2024-04-01,105.02,83.71,4.317,5.33,2.35
2024-04-02,104.82,85.15,4.353,5.33,2.36
2024-04-03,104.25,85.43,4.351,5.33,2.36
2024-04-04,104.12,86.59,4.307,5.33,2.34
2024-04-05,104.3,86.91,4.4,5.33,2.37
2024-04-08,104.14,86.43,4.422,5.33,2.38
2024-04-09,104.15,85.23,4.362,5.33,2.36
2024-04-10,105.25,86.21,4.546,5.33,2.4
2024-04-11,105.28,85.02,4.584,5.33,2.4
2024-04-12,106.04,85.66,4.517,5.33,2.39
2024-04-15,106.21,85.41,4.61,5.33,2.43
2024-04-16,106.26,85.36,4.669,5.33,2.43
2024-04-17,105.95,82.69,4.589,5.33,2.39
2024-04-18,106.15,82.73,4.637,5.33,2.4
2024-04-19,106.15,83.14,4.623,5.33,2.41
2024-04-22,106.08,82.85,4.61,5.33,2.41
2024-04-23,105.68,83.36,4.607,5.33,2.41
2024-04-24,105.86,82.81,4.648,5.33,2.41
2024-04-25,105.6,83.57,4.704,5.33,2.42
2024-04-26,105.94,83.85,4.663,5.33,2.43
2024-04-29,105.58,82.63,4.611,5.33,2.41
2024-04-30,106.22,81.93,4.682,5.33,2.41
2024-05-01,105.75,79.0,4.641,5.33,2.38
2024-05-02,105.3,78.95,4.589,5.33,2.37
2024-05-03,105.03,78.11,4.497,5.33,2.35
2024-05-06,105.05,78.48,4.487,5.33,2.35
2024-05-07,105.41,78.38,4.461,5.33,2.32
2024-05-08,105.55,78.99,4.5,5.33,2.31
2024-05-09,105.23,79.26,4.459,5.33,2.32
2024-05-10,105.3,78.26,4.5,5.33,2.34
2024-05-13,105.22,79.12,4.49,5.33,2.33
2024-05-14,105.01,78.02,4.445,5.33,2.33
2024-05-15,104.35,78.63,4.344,5.33,2.31
2024-05-16,104.46,79.23,4.377,5.33,2.31
2024-05-17,104.44,80.06,4.422,5.33,2.32
2024-05-20,104.57,79.8,4.447,5.33,2.33
2024-05-21,104.66,79.26,4.412,5.33,2.32
2024-05-22,104.93,77.57,4.426,5.33,2.33
2024-05-23,105.11,76.87,4.479,5.33,2.3
2024-05-24,104.72,77.72,4.467,5.33,2.32
2024-05-28,104.61,79.83,4.548,5.33,2.34
2024-05-29,105.1,79.23,4.616,5.33,2.36
2024-05-30,104.72,77.91,4.55,5.33,2.36
2024-05-31,104.67,76.99,4.503,5.33,2.35
2024-06-03,104.14,74.22,4.392,5.33,2.33
2024-06-04,104.11,73.25,4.33,5.33,2.31
2024-06-05,104.27,74.07,4.277,5.33,2.3
2024-06-06,104.1,75.55,4.287,5.33,2.28
2024-06-07,104.89,75.53,4.433,5.33,2.3
2024-06-10,105.15,77.74,4.471,5.33,2.31
2024-06-11,105.23,77.9,4.402,5.33,2.27
2024-06-12,104.64,78.5,4.318,5.33,2.22
2024-06-13,105.2,78.62,4.248,5.33,2.21
2024-06-14,105.55,78.45,4.221,5.33,2.17
2024-06-17,105.32,80.33,4.285,5.33,2.22
2024-06-18,105.26,81.57,4.219,5.33,2.21
2024-06-20,105.59,82.17,4.261,5.33,2.25
2024-06-21,105.8,80.73,4.257,5.33,2.23
2024-06-24,105.47,81.63,4.234,5.33,2.22
2024-06-25,105.61,80.83,4.248,5.33,2.22
2024-06-26,106.05,80.9,4.329,5.33,2.26
2024-06-27,105.91,81.74,4.286,5.33,2.26
2024-06-28,105.87,81.54,4.392,5.33,2.28
2024-07-01,105.9,83.38,4.471,5.33,2.32
2024-07-02,105.72,82.81,4.438,5.33,2.3
2024-07-03,105.4,83.88,4.355,5.33,2.27
2024-07-05,104.88,83.16,4.278,5.33,2.28
2024-07-08,105.0,82.33,4.28,5.33,2.27
2024-07-09,105.13,81.41,4.298,5.33,2.26
2024-07-10,105.05,82.1,4.282,5.33,2.27
2024-07-11,104.44,82.62,4.212,5.33,2.25
2024-07-12,104.09,82.21,4.187,5.33,2.24
2024-07-15,104.19,81.91,4.231,5.33,2.27
2024-07-16,104.27,80.76,4.16,5.33,2.26
2024-07-17,103.75,82.85,4.16,5.33,2.26
2024-07-18,104.17,82.82,4.202,5.33,2.31
2024-07-19,104.4,80.13,4.243,5.33,2.32
2024-07-22,104.31,79.78,4.254,5.33,2.3
2024-07-23,104.45,76.96,4.254,5.33,2.29
2024-07-24,104.39,77.59,4.286,5.33,2.28
2024-07-25,104.36,78.28,4.245,5.33,2.28
2024-07-26,104.32,77.16,4.194,5.33,2.27
2024-07-29,104.56,75.81,4.172,5.33,2.25
2024-07-30,104.55,74.73,4.141,5.33,2.25
2024-07-31,104.1,77.91,4.033,5.33,2.24
2024-08-01,104.42,76.31,3.982,5.33,2.2
2024-08-02,103.21,73.52,3.792,5.33,2.04
2024-08-05,102.69,72.94,3.779,5.33,2.07
2024-08-06,102.97,73.2,3.901,5.33,2.12
2024-08-07,103.2,75.23,3.953,5.33,2.11
2024-08-08,103.21,76.19,3.99,5.33,2.12
2024-08-09,103.14,76.84,3.94,5.33,2.1
2024-08-12,103.14,80.06,3.907,5.33,2.11
2024-08-13,102.56,78.35,3.846,5.33,2.09
2024-08-14,102.57,76.98,3.839,5.33,2.06
2024-08-15,102.98,78.16,3.919,5.33,2.12
2024-08-16,102.46,76.65,3.883,5.33,2.08
2024-08-19,101.89,74.37,3.875,5.33,2.07
2024-08-20,101.44,74.04,3.81,5.33,2.07
2024-08-21,101.04,71.93,3.799,5.33,2.07
2024-08-22,101.51,73.01,3.858,5.33,2.1
2024-08-23,100.72,74.83,3.795,5.33,2.13
2024-08-26,100.85,77.42,3.82,5.33,2.15
2024-08-27,100.55,75.53,3.829,5.33,2.15
2024-08-28,101.09,74.52,3.839,5.33,2.15
2024-08-29,101.34,75.91,3.863,5.33,2.16
2024-08-30,101.7,73.55,3.909,5.33,2.15
2024-09-03,101.82,70.34,3.831,5.33,2.11
2024-09-04,101.36,69.2,3.757,5.33,2.07
2024-09-05,101.11,69.15,3.725,5.33,2.03
2024-09-06,101.18,67.67,3.716,5.33,2.03
2024-09-09,101.55,68.71,3.702,5.33,2.04
2024-09-10,101.63,65.75,3.64,5.33,2.02
2024-09-11,101.68,67.31,3.661,5.33,2.04
2024-09-12,101.37,68.97,3.68,5.33,2.05
2024-09-13,101.11,68.65,3.657,5.33,2.08
2024-09-16,100.76,70.09,3.618,5.33,2.09
2024-09-17,100.89,71.19,3.648,5.33,2.12
2024-09-18,100.6,70.91,3.713,5.33,2.12
