date,sentiment_score,usd_rate,oil_price,bond_yield_price,interest_rate,inflation_rate,gold_price,gold_price_after_1_day
2015-01-02,-0.4019,91.08,52.69,2.114,0.12,1.71,1186.2,1204.0
2015-01-05,0.4404,91.38,50.04,2.034,0.12,1.64,1204.0,1219.4
2015-01-07,-0.5106,91.89,48.65,1.969,0.12,1.57,1210.7,1208.5
2015-01-09,0.0,91.94,48.36,1.95,0.12,1.62,1216.1,1232.8
2015-01-12,0.0,91.98,46.07,1.909,0.12,1.57,1232.8,1234.4
2015-01-16,0.0,92.52,48.69,1.831,0.13,1.6,1276.9,1294.2
2015-01-21,-0.6249,92.9,47.78,1.875,0.12,1.61,1293.7,1300.7
2015-01-23,0.7351,94.76,45.59,1.789,0.12,1.6,1292.6,1279.4
2015-01-27,0.0,94.02,46.23,1.828,0.11,1.66,1291.7,1285.9
2015-01-29,0.3981,94.78,44.53,1.756,0.11,1.62,1255.9,1279.2
2015-01-30,0.5106,94.8,48.24,1.639,0.06,1.65,1279.2,1276.9
2015-02-02,0.3818,94.5,49.57,1.674,0.12,1.65,1276.9,1260.3
2015-02-03,-0.25,93.6,53.05,1.798,0.12,1.7,1260.3,1264.5
2015-02-04,-0.69245,93.99,48.45,1.747,0.11,1.71,1264.5,1262.7
2015-02-05,-0.8402,93.57,50.48,1.817,0.12,1.7,1262.7,1234.6
2015-02-06,-0.25,95.85,51.69,1.958,0.11,1.71,1234.6,1241.5
2015-02-10,0.15595,94.76,50.02,2.004,0.12,1.7,1232.2,1219.6
2015-02-11,-0.2553,94.98,48.84,2.021,0.12,1.68,1219.6,1220.7
2015-02-12,0.0,94.09,51.21,1.988,0.12,1.66,1220.7,1227.1
2015-02-18,0.1366,94.2,52.14,2.085,0.12,1.71,1200.2,1207.6
2015-02-23,0.0,94.57,49.45,2.061,0.11,1.72,1200.8,1197.3
2015-02-27,0.29235,95.32,49.76,1.996,0.06,1.83,1213.1,1208.2
2015-03-02,0.125,95.46,49.59,2.089,0.12,1.83,1208.2,1204.4
2015-03-03,0.2023,95.38,50.52,2.122,0.12,1.86,1204.4,1200.9
2015-03-06,0.0,97.61,49.61,2.247,0.12,1.83,1164.3,1166.5
2015-03-16,0.0,99.6,43.88,2.074,0.12,1.65,1153.2,1148.2
2015-03-20,0.31245,97.91,45.72,1.932,0.12,1.76,1184.6,1187.7
2015-03-24,0.46655,97.19,47.51,1.873,0.11,1.77,1191.4,1197.0
2015-03-25,0.0,96.98,49.21,1.927,0.12,1.81,1197.0,1204.8
2015-03-26,0.20095,97.44,51.43,1.996,0.11,1.8,1204.8,1199.8
2015-03-27,0.2023,97.29,48.87,1.96,0.12,1.76,1199.8,1185.3
2015-03-30,-0.148,97.97,48.68,1.953,0.12,1.73,1185.3,1183.2
2015-03-31,0.4404,98.36,47.6,1.927,0.06,1.76,1183.2,1208.2
2015-04-07,-0.07655,97.83,53.98,1.887,0.12,1.85,1210.6,1203.1
2015-04-13,0.0,99.49,51.91,1.93,0.13,1.8,1199.3,1192.6
2015-04-16,-0.4549,97.42,56.71,1.895,0.13,1.85,1198.0,1203.1
2015-04-24,0.0,96.92,57.15,1.914,0.13,1.89,1175.0,1203.2
2015-04-27,-0.6908,96.77,56.99,1.926,0.13,1.91,1203.2,1213.9
2015-04-28,0.3818,96.09,57.06,2.003,0.13,1.89,1213.9,1210.0
2015-04-29,0.1027,95.21,58.58,2.046,0.13,1.92,1210.0,1182.4
2015-05-04,0.0,95.48,58.93,2.146,0.13,1.92,1186.8,1193.2
2015-05-05,-0.36605,95.08,60.4,2.182,0.13,1.94,1193.2,1190.3
2015-05-08,-0.6428,94.79,59.39,2.142,0.13,1.88,1188.9,1183.0
2015-05-12,-0.765,94.53,60.75,2.247,0.13,1.88,1192.4,1218.2
2015-05-14,0.0,93.46,59.88,2.235,0.13,1.87,1225.2,1225.3
2015-05-15,0.0,93.14,59.69,2.148,0.13,1.83,1225.3,1227.6
2015-05-18,-0.34,94.22,59.43,2.234,0.13,1.86,1227.6,1206.7
2015-05-21,0.5267,95.25,60.72,2.195,0.12,1.84,1204.1,1204.0
2015-05-22,0.0,96.11,59.72,2.215,0.13,1.87,1204.0,1186.9
2015-05-29,0.5267,96.91,60.3,2.123,0.08,1.8,1189.8,1188.7
2015-06-08,0.1027,95.3,58.14,2.382,0.13,1.85,1173.6,1177.6
2015-06-09,0.7579,95.17,60.14,2.442,0.13,1.86,1177.6,1186.6
2015-06-10,0.0,94.65,61.43,2.486,0.13,1.87,1186.6,1180.4
2015-06-11,0.34,94.98,60.77,2.381,0.13,1.83,1180.4,1179.2
2015-06-15,0.128,94.81,59.52,2.36,0.13,1.85,1185.8,1180.9
2015-06-16,0.0516,95.0,59.97,2.309,0.14,1.88,1180.9,1176.8
2015-06-24,0.0,95.26,60.27,2.373,0.13,1.9,1172.9,1171.8
2015-07-02,0.0,96.11,56.93,2.386,0.13,1.91,1163.5,1173.2
2015-07-08,0.0,96.29,51.65,2.197,0.13,1.83,1163.5,1159.2
2015-07-10,0.0,96.03,52.74,2.401,0.13,1.87,1157.9,1155.4
2015-07-13,0.0258,96.86,52.2,2.446,0.13,1.86,1155.4,1153.5
2015-07-14,-0.765,96.64,53.04,2.397,0.13,1.85,1153.5,1147.4
2015-07-16,-0.296,97.67,50.91,2.356,0.14,1.84,1143.9,1131.9
2015-07-20,-0.2732,98.03,50.15,2.38,0.14,1.82,1106.8,1103.5
2015-07-23,-0.27625,97.11,48.45,2.269,0.13,1.79,1094.1,1085.5
2015-07-28,-0.1531,96.77,47.98,2.25,0.14,1.75,1096.2,1092.6
2015-07-31,0.0,97.34,47.12,2.187,0.08,1.74,1095.1,1089.4
2015-08-07,0.0,97.56,43.87,2.166,0.14,1.66,1094.1,1104.1
2015-08-10,0.0,97.16,44.96,2.232,0.14,1.69,1104.1,1107.7
2015-08-12,0.4019,96.26,43.3,2.148,0.15,1.62,1123.6,1115.6
2015-08-13,-0.4939,96.44,42.23,2.189,0.15,1.62,1115.6,1112.7
2015-08-14,0.0,96.52,42.5,2.201,0.14,1.62,1112.7,1118.4
2015-08-17,0.0,96.81,41.87,2.17,0.15,1.58,1118.4,1116.9
2015-08-18,0.0,97.04,42.62,2.192,0.15,1.58,1116.9,1127.9
2015-08-20,0.0,95.98,41.14,2.073,0.15,1.56,1153.2,1159.6
2015-08-21,0.0,95.01,40.45,2.045,0.15,1.53,1159.6,1153.6
2015-08-25,-0.2997,94.53,39.31,2.078,0.15,1.53,1138.3,1124.6
2015-08-26,-0.27475,95.1,38.6,2.18,0.14,1.53,1124.6,1122.6
2015-09-04,-0.6369,96.23,46.05,2.131,0.14,1.51,1121.4,1121.0
2015-09-10,0.0,95.46,45.92,2.227,0.14,1.59,1109.3,1103.3
2015-09-15,0.0,95.61,44.59,2.292,0.14,1.56,1102.6,1119.0
2015-09-16,0.0,95.42,47.15,2.296,0.14,1.57,1119.0,1117.0
2015-10-08,0.4767,95.32,49.43,2.102,0.13,1.58,1144.3,1155.9
2015-10-15,0.0,94.37,46.38,2.019,0.13,1.5,1187.5,1183.1
2015-10-20,0.0,94.91,45.55,2.069,0.13,1.48,1177.5,1167.1
2015-10-22,-0.4404,96.38,45.38,2.028,0.12,1.47,1166.1,1162.8
2015-10-23,0.0,97.13,44.6,2.087,0.12,1.51,1162.8,1166.2
2015-10-28,0.5106,97.78,45.94,2.101,0.12,1.47,1176.1,1147.3
2015-11-03,0.0,97.16,47.9,2.218,0.12,1.58,1114.1,1106.2
2015-11-16,0.0,99.44,41.74,2.271,0.13,1.51,1083.6,1068.6
2015-11-20,-0.1591,99.56,40.39,2.264,0.12,1.6,1076.3,1066.8
2015-11-23,-0.5267,99.8,41.75,2.243,0.12,1.61,1066.8,1073.8
2015-11-24,0.0,99.53,42.87,2.239,0.12,1.62,1073.8,1070.0
2015-11-30,0.20095,100.17,41.65,2.208,0.08,1.59,1065.3,1063.5
2015-12-01,-0.7096,99.8,41.85,2.145,0.13,1.57,1063.5,1053.8
2015-12-02,0.6124,99.99,39.94,2.178,0.13,1.56,1053.8,1061.2
2015-12-07,0.0,98.66,37.65,2.236,0.13,1.56,1075.2,1075.3
2015-12-14,0.0,97.6,36.31,2.225,0.15,1.45,1063.4,1061.6
2015-12-16,0.4588,97.87,35.52,2.298,0.15,1.46,1076.8,1049.6
2015-12-21,0.0,98.36,34.74,2.195,0.36,1.45,1080.6,1074.1
2015-12-31,-0.31245,98.63,37.04,2.269,0.2,1.54,1060.2,1076.25
2016-01-04,0.0801,98.87,36.76,2.243,0.36,1.55,1075.2,1078.4
2016-01-05,0.1664,99.4,35.97,2.239,0.36,1.56,1078.4,1091.9
2016-01-06,0.1077,99.18,33.97,2.17,0.36,1.53,1091.9,1107.8
2016-01-07,0.1339666666666666,98.22,33.27,2.149,0.36,1.5,1107.8,1097.9
2016-01-11,0.0,98.72,31.41,2.175,0.36,1.45,1096.2,1085.2
2016-01-15,0.190875,98.96,29.42,2.037,0.36,1.36,1090.7,1089.1
2016-01-21,-0.0839999999999999,99.06,29.53,2.028,0.37,1.28,1098.2,1096.3
2016-01-22,-0.5106,99.57,32.19,2.057,0.38,1.35,1096.3,1105.3
2016-01-26,0.1427999999999999,99.36,31.45,2.003,0.38,1.36,1120.2,1115.8
2016-02-04,0.2294,96.47,31.72,1.846,0.38,1.36,1157.5,1157.7
2016-02-05,-0.2326333333333333,97.03,30.89,1.843,0.38,1.33,1157.7,1197.9
2016-02-12,-0.5994,95.94,29.44,1.746,0.38,1.25,1239.4,1208.2
2016-02-19,0.0,96.6,29.64,1.743,0.38,1.26,1230.8,1210.1
2016-02-25,0.0,97.29,33.07,1.714,0.37,1.39,1238.8,1220.4
2016-02-29,0.0,98.21,33.75,1.738,0.29,1.42,1234.4,1230.8
2016-03-07,0.0,97.07,37.9,1.904,0.36,1.48,1264.0,1262.9
2016-03-10,0.0161666666666666,96.07,37.84,1.936,0.36,1.48,1272.8,1259.4
2016-03-15,0.0,96.63,36.34,1.968,0.37,1.5,1231.0,1229.8
2016-03-16,0.0,95.89,38.46,1.913,0.37,1.58,1229.8,1265.0
2016-03-17,-0.0966499999999999,94.76,40.2,1.898,0.37,1.57,1265.0,1254.3
2016-03-22,0.0,95.65,41.45,1.944,0.37,1.63,1248.6,1224.0
2016-03-24,-0.5574,96.14,39.46,1.9,0.37,1.57,1221.6,1226.3
2016-03-29,0.2553,95.16,38.28,1.804,0.37,1.61,1235.8,1228.6
2016-03-31,-0.296,94.59,38.34,1.77,0.25,1.62,1235.6,1223.5
2016-04-01,-0.28595,94.62,36.79,1.774,0.37,1.62,1223.5,1219.3
2016-04-06,0.10115,94.43,37.75,1.758,0.37,1.59,1223.8,1237.5
2016-04-07,0.0,94.48,37.26,1.687,0.37,1.58,1237.5,1243.8
2016-04-08,0.0,94.23,39.72,1.717,0.37,1.58,1243.8,1258.0
2016-04-12,0.064,93.96,42.17,1.776,0.37,1.57,1260.9,1248.3
2016-04-15,-0.1806,94.7,40.36,1.753,0.37,1.56,1234.6,1235.0
2016-04-20,0.4588,94.49,42.63,1.845,0.37,1.62,1254.4,1250.3
2016-04-22,-0.2294,95.12,43.73,1.891,0.37,1.64,1230.0,1240.2
2016-04-28,0.00645,93.76,46.03,1.824,0.37,1.72,1266.4,1290.5
2016-04-29,0.4019,93.08,45.92,1.835,0.3,1.71,1290.5,1295.8
2016-05-05,0.35645,93.78,44.32,1.742,0.37,1.63,1272.3,1294.0
2016-05-06,0.0,93.89,44.66,1.779,0.37,1.61,1294.0,1266.6
2016-05-10,0.5719,94.29,44.66,1.754,0.37,1.62,1264.8,1275.5
2016-05-18,0.0,95.08,48.19,1.859,0.37,1.61,1274.4,1254.8
2016-05-19,0.296,95.29,48.16,1.847,0.37,1.56,1254.8,1252.9
2016-05-20,0.0,95.33,47.75,1.844,0.37,1.56,1252.9,1251.5
2016-05-25,0.0,95.35,49.56,1.872,0.37,1.58,1223.8,1220.4
2016-06-03,0.0,94.03,48.62,1.702,0.37,1.52,1242.9,1247.4
2016-06-06,0.0,93.9,49.69,1.737,0.37,1.54,1247.4,1247.0
2016-06-14,0.0,94.93,48.49,1.613,0.37,1.45,1288.1,1288.3
2016-06-16,-0.4767,94.57,46.21,1.579,0.38,1.42,1298.4,1294.8
2016-06-17,0.5574,94.21,47.98,1.611,0.38,1.42,1294.8,1292.1
2016-06-23,0.0,93.53,50.11,1.744,0.39,1.5,1263.1,1322.4
2016-06-28,0.0,96.25,47.85,1.465,0.41,1.37,1317.9,1326.9
2016-07-11,-0.1806,96.57,44.76,1.43,0.4,1.42,1356.6,1335.3
2016-07-12,0.5267,96.44,46.8,1.507,0.4,1.46,1335.3,1343.6
2016-07-15,0.10115,96.58,45.95,1.558,0.4,1.49,1327.4,1329.3
2016-07-20,-0.4767,97.2,44.94,1.58,0.4,1.46,1319.3,1331.0
2016-07-22,0.0,97.47,44.19,1.566,0.4,1.51,1323.4,1319.5
2016-07-25,0.0,97.29,43.13,1.575,0.4,1.5,1319.5,1320.8
2016-07-29,0.1027,95.53,41.6,1.45,0.3,1.49,1357.5,1359.6
2016-08-03,-0.2732,95.56,40.83,1.545,0.4,1.46,1364.7,1367.4
2016-08-08,0.0,96.4,43.02,1.592,0.4,1.51,1341.3,1346.7
2016-08-15,-0.34,95.63,45.74,1.558,0.4,1.45,1347.5,1356.9
2016-08-17,0.17,94.72,46.79,1.549,0.4,1.47,1348.8,1357.2
2016-08-19,0.0,94.51,48.52,1.58,0.4,1.48,1346.2,1343.4
2016-08-22,0.46295,94.52,47.05,1.544,0.4,1.47,1343.4,1346.1
2016-08-29,-0.4939,95.58,46.98,1.563,0.4,1.46,1327.1,1316.5
2016-08-30,0.0,96.05,46.35,1.57,0.4,1.46,1316.5,1311.4
2016-09-14,0.0,95.33,43.58,1.698,0.4,1.49,1326.1,1318.0
2016-09-22,0.0,95.45,46.32,1.618,0.4,1.55,1344.7,1341.7
2016-09-23,0.8957,95.48,44.48,1.62,0.4,1.57,1341.7,1344.1
2016-09-27,0.24695,95.44,44.67,1.56,0.4,1.52,1330.4,1323.7
2016-09-29,0.0,95.53,47.83,1.558,0.4,1.54,1326.0,1317.1
2016-09-30,0.0,95.46,48.24,1.598,0.29,1.6,1317.1,1312.7
2016-10-05,0.48385,96.12,49.83,1.706,0.4,1.62,1268.6,1253.0
2016-10-07,0.0,96.63,49.81,1.723,0.4,1.63,1251.9,1260.4
2016-10-11,0.1187,97.69,50.79,1.767,0.41,1.64,1255.9,1253.8
2016-10-21,0.2023,98.69,50.85,1.736,0.41,1.67,1267.7,1263.7
2016-10-28,0.0,98.35,48.7,1.849,0.41,1.73,1276.8,1273.1
2016-11-02,-0.1646,97.4,45.34,1.801,0.41,1.7,1308.2,1303.3
2016-11-03,0.11315,97.16,44.66,1.81,0.41,1.68,1303.3,1304.5
2016-11-07,0.128,97.78,44.89,1.828,0.41,1.71,1279.4,1274.5
2016-11-08,0.0,97.86,44.98,1.858,0.41,1.73,1274.5,1273.5
2016-11-09,-0.1523,98.5,45.27,2.068,0.41,1.82,1273.5,1266.4
2016-11-16,-0.2732,100.41,45.57,2.214,0.41,1.83,1223.9,1216.9
2016-11-17,-0.1223499999999999,100.89,45.42,2.297,0.41,1.87,1216.9,1208.7
2016-11-18,0.0,101.21,45.69,2.348,0.41,1.9,1208.7,1209.8
2016-11-29,0.128,100.93,45.23,2.293,0.41,1.86,1190.8,1173.9
2016-12-01,0.0,101.04,51.06,2.454,0.41,1.97,1169.4,1177.8
2016-12-05,0.0,100.09,51.79,2.401,0.41,1.94,1176.5,1170.1
2016-12-06,0.0,100.49,50.93,2.392,0.41,1.95,1170.1,1177.5
2016-12-07,-0.2732,100.23,49.77,2.344,0.41,1.92,1177.5,1172.4
2016-12-09,0.0,101.59,51.5,2.466,0.41,1.96,1161.9,1165.8
2016-12-12,0.0,101.03,52.83,2.477,0.41,1.98,1165.8,1159.0
2016-12-20,-0.1531,103.29,52.23,2.56,0.66,1.9,1133.6,1133.2
2017-01-05,-0.4404,101.52,53.76,2.348,0.66,1.95,1181.3,1173.4
2017-01-09,0.6808,101.93,51.96,2.368,0.66,1.95,1184.9,1185.5
2017-01-10,0.1326,102.01,50.82,2.378,0.66,1.95,1185.5,1196.6
2017-01-13,0.0,101.18,52.37,2.398,0.66,1.99,1196.2,1212.9
2017-01-18,0.5106,100.93,51.08,2.428,0.66,2.0,1212.1,1201.5
2017-01-23,-0.29295,100.16,52.75,2.401,0.66,2.02,1215.6,1210.8
2017-01-24,0.0,100.35,53.18,2.465,0.66,2.06,1210.8,1197.8
2017-01-25,0.1909,100.03,52.75,2.515,0.66,2.08,1197.8,1189.8
2017-01-27,0.0,100.53,53.17,2.486,0.66,2.08,1188.4,1196.0
2017-01-30,-0.6124,100.43,52.63,2.49,0.66,2.07,1196.0,1211.4
2017-01-31,0.13255,99.51,52.81,2.466,0.56,2.05,1211.4,1208.3
2017-02-03,-0.2732,99.87,53.83,2.467,0.66,2.05,1220.8,1232.1
2017-02-06,-0.0857,99.91,53.01,2.417,0.66,2.02,1232.1,1236.1
2017-02-07,0.0,100.26,52.17,2.397,0.66,2.0,1236.1,1239.5
2017-02-13,0.2023,100.96,52.93,2.436,0.66,2.0,1225.8,1225.4
2017-02-15,-0.34,101.18,53.11,2.497,0.66,2.06,1233.1,1241.6
2017-02-17,0.0,100.95,53.4,2.42,0.66,2.01,1239.1,1238.9
2017-02-24,-0.0287666666666666,101.09,53.99,2.315,0.66,2.0,1258.3,1258.8
2017-02-27,0.26335,101.13,54.05,2.367,0.66,2.01,1258.8,1253.9
2017-02-28,-0.5719,101.12,54.01,2.397,0.57,2.02,1253.9,1250.0
2017-03-02,0.34,102.2,52.61,2.481,0.66,2.01,1232.9,1226.5
2017-03-03,0.0,101.54,53.33,2.482,0.66,2.04,1226.5,1225.5
2017-03-06,-0.0229999999999999,101.64,53.2,2.494,0.66,2.01,1225.5,1216.1
2017-03-07,0.5106,101.81,53.14,2.518,0.66,2.03,1216.1,1209.4
2017-03-09,0.0,101.85,49.28,2.609,0.66,2.0,1203.2,1201.4
2017-03-10,0.5859,101.25,48.49,2.575,0.66,2.01,1201.4,1203.1
2017-03-14,0.0,101.7,47.72,2.602,0.66,1.99,1202.6,1200.7
2017-03-15,0.0,100.74,48.86,2.5,0.66,2.01,1200.7,1227.1
2017-03-16,0.1389333333333333,100.36,48.75,2.537,0.91,2.02,1227.1,1230.2
2017-03-17,-0.189,100.3,48.78,2.5,0.91,2.01,1230.2,1234.0
2017-03-20,0.0,100.41,48.22,2.463,0.91,2.0,1234.0,1246.5
2017-03-21,0.07415,99.81,47.34,2.416,0.91,1.98,1246.5,1249.7
2017-03-29,0.0,100.0,49.51,2.38,0.91,1.98,1253.7,1248.0
2017-04-07,0.02775,101.18,52.24,2.382,0.91,1.94,1257.3,1253.9
2017-04-21,-0.2732,99.98,49.62,2.246,0.91,1.84,1289.1,1277.5
2017-04-24,0.0,99.09,49.23,2.273,0.91,1.87,1277.5,1270.6
2017-05-09,-0.5028,99.66,46.27,2.398,0.91,1.86,1219.6,1222.4
2017-05-11,-0.4019,99.62,48.2,2.393,0.91,1.88,1227.7,1231.1
2017-05-15,-0.3182,98.91,49.16,2.343,0.91,1.82,1233.4,1239.7
2017-05-16,0.0,98.11,49.0,2.326,0.91,1.82,1239.7,1262.0
2017-05-17,0.2023,97.58,49.41,2.223,0.91,1.78,1262.0,1256.1
2017-05-19,-0.0258,97.14,50.67,2.235,0.91,1.82,1256.8,1264.8
2017-05-22,-0.4404,96.98,51.13,2.252,0.91,1.82,1264.8,1258.9
2017-05-30,0.34,97.28,49.91,2.208,0.91,1.81,1269.3,1279.0
2017-06-05,-0.2649666666666666,96.8,47.4,2.183,0.91,1.79,1286.3,1301.1
2017-06-06,0.0086,96.64,48.19,2.145,0.91,1.77,1301.1,1293.2
2017-06-07,0.2511666666666667,96.75,45.72,2.176,0.91,1.78,1293.2,1279.5
2017-06-13,0.0,96.97,46.67,2.211,0.91,1.75,1268.6,1275.9
2017-06-15,0.34,97.43,44.68,2.164,1.16,1.67,1254.6,1256.5
2017-06-19,0.2584,97.55,44.43,2.191,1.16,1.67,1246.7,1243.5
2017-06-22,0.0861333333333333,97.59,42.97,2.148,1.16,1.69,1249.4,1256.4
2017-06-29,-0.2732,95.63,44.93,2.267,1.16,1.72,1247.6,1244.1
2017-07-10,-0.4588,96.02,44.4,2.373,1.16,1.72,1214.9,1216.4
2017-07-13,0.0,95.73,46.08,2.348,1.16,1.77,1218.9,1229.1
2017-08-08,0.4215,93.65,49.17,2.262,1.16,1.83,1259.3,1276.0
2017-08-14,-0.1243999999999999,93.41,47.59,2.224,1.16,1.77,1287.0,1276.3
2017-08-15,0.0,93.85,47.55,2.273,1.16,1.78,1276.3,1279.5
2017-08-18,-0.18795,93.43,48.51,2.197,1.16,1.76,1288.3,1293.3
2017-08-21,-0.4116999999999999,93.09,47.37,2.183,1.16,1.75,1293.3,1287.6
2017-08-25,0.0,92.74,47.87,2.169,1.16,1.75,1294.5,1311.8
2017-08-29,-0.4019,92.25,46.44,2.129,1.16,1.74,1315.3,1312.3
2017-08-31,-0.296,92.67,47.23,2.121,1.07,1.76,1320.4,1328.5
2017-09-01,0.4019,92.81,47.29,2.166,1.16,1.79,1328.5,1344.5
2017-09-06,-0.4404,92.29,49.16,2.106,1.16,1.78,1337.1,1348.4
2017-09-07,-0.7184,91.66,49.09,2.042,1.16,1.79,1348.4,1349.1
2017-09-08,0.0,91.35,47.48,2.054,1.16,1.81,1349.1,1333.2
2017-09-11,-0.6124,91.9,48.07,2.134,1.16,1.83,1333.2,1330.5
2017-09-12,0.0966499999999999,91.88,48.23,2.167,1.16,1.84,1330.5,1325.6
2017-09-14,0.20095,92.12,49.89,2.187,1.16,1.85,1326.9,1322.9
2017-09-18,0.0,92.05,49.91,2.234,1.16,1.87,1308.3,1308.2
2017-10-02,0.2023,93.56,50.58,2.341,1.16,1.83,1275.8,1274.6
2017-10-04,0.0,93.46,49.98,2.323,1.16,1.85,1276.8,1273.2
2017-10-05,0.34,93.96,50.79,2.348,1.16,1.86,1273.2,1274.9
2017-10-12,0.0,93.06,50.6,2.321,1.16,1.89,1296.5,1304.6
2017-10-17,0.5106,93.51,51.88,2.302,1.16,1.82,1286.2,1283.0
2017-10-18,0.0,93.36,52.04,2.345,1.16,1.84,1283.0,1290.0
2017-10-19,-0.296,93.16,51.29,2.318,1.16,1.84,1290.0,1280.5
2017-10-23,-0.296,93.94,51.9,2.37,1.16,1.86,1280.9,1278.3
2017-10-27,0.3875,94.92,53.9,2.415,1.16,1.88,1271.8,1279.8
2017-10-30,0.09,94.56,54.15,2.37,1.16,1.87,1279.8,1272.4
2017-11-01,0.2732,94.81,54.3,2.372,1.16,1.88,1279.2,1279.8
2017-11-03,0.0,94.94,55.64,2.332,1.16,1.86,1270.8,1283.3
2017-11-07,0.0,94.91,57.2,2.316,1.16,1.88,1277.5,1285.4
2017-11-10,0.1531,94.39,56.74,2.402,1.16,1.88,1275.9,1280.6
2017-11-13,-0.7227,94.49,56.76,2.407,1.16,1.88,1280.6,1284.6
2017-11-17,-0.23565,93.66,56.55,2.345,1.16,1.86,1298.2,1277.1
2017-11-20,0.0,94.08,56.09,2.368,1.16,1.85,1277.1,1283.5
2017-11-21,0.3612,93.95,56.83,2.358,1.16,1.84,1283.5,1294.1
2017-12-04,0.0,93.19,57.47,2.372,1.16,1.87,1277.7,1264.9
2017-12-06,0.0,93.61,55.96,2.34,1.16,1.86,1266.1,1253.1
2017-12-08,0.0,93.9,57.36,2.378,1.16,1.88,1248.4,1246.9
2017-12-12,-0.3919,94.1,57.14,2.403,1.17,1.89,1241.7,1248.6
2017-12-13,0.0258,93.43,56.6,2.348,1.17,1.88,1248.6,1257.1
2017-12-15,-0.0516,93.93,57.3,2.351,1.41,1.88,1257.5,1265.5
2017-12-18,0.6757,93.69,57.16,2.394,1.42,1.89,1265.5,1264.2
2017-12-20,0.0,93.31,58.09,2.497,1.42,1.92,1269.6,1270.6
2017-12-26,-0.5267,93.26,59.97,2.474,1.42,1.94,1287.5,1291.4
2017-12-28,-0.6908,92.6,59.84,2.434,1.42,1.96,1299.5,1311.4
2017-12-29,-0.8591,92.12,60.42,2.405,1.33,1.96,1311.4,1316.1
2018-01-02,-0.6124,91.87,60.37,2.461,1.42,2.0,1318.3,1320.8
2018-01-09,-0.2023,92.53,62.96,2.551,1.42,2.03,1315.9,1321.6
2018-01-10,-0.4588,92.33,63.57,2.559,1.42,2.03,1321.6,1324.7
2018-01-16,0.0258,90.39,63.73,2.539,1.42,2.03,1339.3,1341.4
2018-01-18,-0.5423,90.5,63.95,2.624,1.42,2.05,1329.5,1335.3
2018-01-19,0.0,90.57,63.37,2.661,1.42,2.06,1335.3,1334.3
2018-01-22,0.0,90.4,63.49,2.656,1.42,2.06,1334.3,1339.0
2018-01-25,0.0,89.39,65.51,2.624,1.42,2.07,1365.2,1354.4
2018-01-26,0.128,89.07,66.14,2.66,1.42,2.09,1354.4,1342.2
2018-02-08,0.2732,90.23,61.15,2.828,1.42,2.09,1319.0,1315.7
2018-02-20,0.2023,89.72,61.9,2.891,1.42,2.1,1331.2,1332.1
2018-02-23,0.2732,89.88,63.55,2.866,1.42,2.12,1330.3,1332.8
2018-03-05,0.2037999999999999,90.08,62.57,2.883,1.42,2.13,1322.6,1337.9
2018-03-09,0.0999,90.09,62.04,2.896,1.42,2.12,1326.7,1323.5
2018-03-19,0.0833333333333333,89.77,62.06,2.855,1.43,2.08,1320.3,1314.5
2018-03-21,0.0,89.78,65.17,2.881,1.44,2.09,1324.0,1329.8
2018-03-28,0.7783,90.06,64.38,2.783,1.68,2.05,1330.0,1327.3
2018-03-29,0.0,90.15,64.94,2.741,1.68,2.05,1327.3,1332.3
2018-04-02,0.0516,90.05,63.01,2.733,1.68,2.05,1346.9,1337.3
2018-04-10,0.3182,89.59,65.51,2.801,1.69,2.08,1345.9,1360.0
2018-04-11,-0.1779,89.57,66.82,2.779,1.69,2.11,1360.0,1341.9
2018-04-13,-0.32735,89.8,67.39,2.825,1.69,2.13,1347.9,1350.7
2018-04-16,0.0061,89.42,66.22,2.829,1.69,2.12,1350.7,1349.5
2018-05-17,-0.3427,93.47,71.49,3.115,1.7,2.16,1292.4,1294.1
2018-05-24,0.0,93.76,70.71,2.977,1.7,2.12,1307.3,1306.4
2018-05-30,0.6808,94.15,68.21,2.857,1.7,2.06,1306.5,1304.7
2018-06-11,0.4215,93.58,66.1,2.952,1.7,2.13,1303.2,1299.4
2018-06-12,0.0,93.8,66.36,2.964,1.7,2.13,1299.4,1301.3
2018-06-13,-0.0593666666666666,93.71,66.64,2.974,1.7,2.12,1301.3,1308.3
2018-06-14,0.0,94.77,66.89,2.935,1.9,2.12,1308.3,1278.5
2018-06-15,-0.1909,94.79,65.06,2.922,1.9,2.12,1278.5,1280.1
2018-06-19,-0.3947,95.08,65.07,2.897,1.91,2.12,1278.6,1274.5
2018-06-27,-0.2732,95.27,72.76,2.827,1.91,2.11,1256.1,1253.8
2018-06-29,0.0,94.64,74.15,2.86,1.91,2.11,1257.3,1244.6
2018-07-03,-0.7414,94.67,74.14,2.833,1.91,2.12,1256.4,1258.8
2018-07-05,0.4404,94.47,72.94,2.833,1.91,2.13,1261.7,1258.9
2018-07-12,-0.1192666666666666,94.81,70.33,2.849,1.91,2.1,1249.1,1243.8
2018-07-16,-0.4767,94.51,68.06,2.856,1.91,2.1,1242.2,1229.9
2018-07-19,0.0,95.15,69.46,2.838,1.91,2.09,1226.5,1233.6
2018-07-20,-0.1779,94.45,70.46,2.895,1.91,2.11,1233.6,1228.0
2018-07-23,0.0,94.67,67.89,2.96,1.91,2.11,1228.0,1228.2
2018-08-10,-0.296,96.36,67.63,2.873,1.91,2.09,1214.2,1194.2
2018-08-17,0.148,96.1,65.91,2.864,1.92,2.08,1179.8,1190.2
2018-08-23,-0.0258,95.67,67.83,2.828,1.92,2.09,1189.3,1208.6
2018-08-29,0.2263,94.6,69.51,2.886,1.92,2.12,1206.5,1202.5
2018-09-05,0.0,95.18,68.72,2.904,1.92,2.09,1198.8,1201.7
2018-09-07,0.0258,95.36,67.75,2.939,1.92,2.1,1197.8,1197.2
2018-09-10,0.7506,95.15,67.54,2.935,1.92,2.1,1197.2,1199.5
2018-09-17,-0.5719,94.5,68.91,2.994,1.92,2.1,1203.4,1200.7
2018-09-19,-0.4215,94.54,71.12,3.066,1.92,2.15,1206.1,1208.9
2018-09-21,0.0,94.22,70.78,3.066,1.92,2.15,1198.6,1201.7
2018-09-24,-0.2732,94.19,72.08,3.089,1.93,2.16,1201.7,1202.5
2018-09-26,0.0,94.19,71.57,3.048,1.93,2.14,1196.9,1187.4
2018-09-28,0.4404,95.13,73.25,3.065,2.18,2.14,1196.2,1191.7
2018-10-05,0.5267,95.62,74.34,3.233,2.18,2.16,1205.6,1188.6
2018-10-11,-0.3818,95.02,70.97,3.146,2.18,2.12,1227.6,1222.0
2018-10-15,0.0,95.06,71.78,3.156,2.18,2.13,1230.3,1231.0
2018-10-17,0.5859,95.58,69.75,3.207,2.19,2.13,1227.4,1230.1
2018-10-19,0.2732,95.71,69.12,3.196,2.19,2.11,1228.7,1224.6
2018-10-23,-0.296,95.96,66.43,3.171,2.2,2.09,1236.8,1231.1
2018-10-26,0.0,96.36,67.59,3.077,2.2,2.06,1235.8,1227.6
2018-11-06,-0.34,96.32,62.21,3.231,2.2,2.07,1230.5,1233.1
2018-11-07,0.1027,96.0,61.67,3.237,2.2,2.07,1233.1,1229.3
2018-11-13,0.0,97.3,55.69,3.141,2.2,2.02,1205.1,1213.8
2018-11-14,0.4939,96.8,56.25,3.127,2.2,2.0,1213.8,1218.6
2018-11-16,0.7351,96.47,56.46,3.065,2.2,2.02,1226.4,1228.6
2018-12-03,0.0,97.04,52.95,2.966,2.19,1.96,1239.6,1246.6
2018-12-21,0.0,96.96,45.59,2.788,2.4,1.77,1258.1,1271.8
2018-12-31,0.1779,96.17,45.41,2.686,2.4,1.71,1284.5,1285.1
2019-01-02,0.34,96.82,46.54,2.633,2.4,1.7,1287.3,1298.4
2019-01-03,-0.743,96.31,47.09,2.552,2.4,1.68,1298.4,1289.2
2019-01-14,0.0,95.61,50.51,2.706,2.4,1.81,1294.7,1291.4
2019-01-25,0.0,95.79,53.69,2.759,2.4,1.79,1300.7,1305.9
2019-02-11,0.0,97.06,52.41,2.654,2.4,1.82,1311.9,1314.0
2019-02-19,-0.7003,96.52,56.09,2.636,2.4,1.87,1344.8,1347.9
2019-02-25,0.2933,96.41,55.48,2.668,2.4,1.92,1329.5,1328.5
2019-03-04,0.0,96.68,56.59,2.724,2.4,1.94,1290.5,1287.8
2019-03-07,-0.5423,97.67,56.66,2.641,2.4,1.9,1289.4,1302.7
2019-03-11,0.0,97.22,56.79,2.641,2.4,1.91,1294.3,1301.2
2019-03-20,-0.1531,95.76,59.83,2.524,2.41,1.96,1304.7,1310.6
2019-04-01,0.0,97.23,61.59,2.503,2.41,1.9,1294.2,1295.4
2019-04-04,0.0,97.31,62.1,2.513,2.41,1.9,1294.3,1295.6
2019-04-05,-0.4015,97.39,63.08,2.499,2.41,1.9,1295.6,1301.9
2019-04-08,-0.2023,97.05,64.4,2.52,2.41,1.91,1301.9,1308.3
2019-04-09,-0.1027,97.01,63.98,2.502,2.41,1.91,1308.3,1313.9
2019-04-11,0.4019,97.18,63.58,2.499,2.41,1.94,1293.3,1295.2
2019-04-22,0.10115,97.29,65.7,2.587,2.44,1.95,1277.6,1273.2
2019-04-29,-0.2023,97.86,63.5,2.527,2.45,1.96,1284.5,1288.6
2019-04-30,-0.652,97.48,63.91,2.504,2.45,1.95,1288.6,1287.2
2019-05-01,0.0,97.69,63.6,2.502,2.45,1.93,1287.2,1275.0
2019-05-02,0.0,97.83,61.81,2.545,2.41,1.89,1275.0,1284.3
2019-05-03,0.3818,97.52,61.94,2.53,2.4,1.91,1284.3,1286.9
2019-05-06,0.0,97.52,62.25,2.5,2.4,1.91,1286.9,1288.6
2019-05-15,-0.2732,97.57,62.02,2.377,2.4,1.83,1300.5,1289.4
2019-05-20,-0.25,97.93,63.1,2.419,2.39,1.81,1280.3,1276.2
2019-05-28,0.0,97.95,59.14,2.267,2.39,1.73,1280.1,1283.7
2019-05-29,-0.34,98.14,58.81,2.262,2.39,1.75,1283.7,1292.4
2019-06-03,-0.5287,97.14,53.25,2.075,2.38,1.73,1327.9,1328.7
2019-06-10,-0.23835,96.76,53.26,2.15,2.37,1.73,1329.3,1331.2
2019-06-11,0.0,96.69,53.27,2.145,2.37,1.72,1331.2,1336.8
2019-06-12,0.0,97.0,51.14,2.122,2.37,1.71,1336.8,1343.7
2019-06-13,-0.16945,97.01,52.28,2.093,2.37,1.68,1343.7,1344.5
2019-06-14,-0.7543,97.57,52.51,2.084,2.36,1.63,1344.5,1342.9
2019-06-17,-0.4019,97.56,51.93,2.091,2.38,1.61,1342.9,1350.7
2019-06-18,-0.7717,97.64,53.9,2.058,2.37,1.64,1350.7,1348.8
2019-06-21,-0.4697,96.22,57.43,2.059,2.38,1.73,1400.1,1418.2
2019-06-26,0.0,96.21,59.38,2.05,2.38,1.7,1415.4,1414.9
2019-06-28,-0.2732,96.13,58.47,2.007,2.4,1.69,1416.7,1392.4
2019-07-11,-0.4215,97.05,60.2,2.143,2.4,1.77,1410.0,1415.9
2019-07-12,-0.5994,96.81,60.21,2.124,2.38,1.77,1415.9,1417.3
2019-07-15,0.0,96.93,59.58,2.09,2.4,1.77,1417.3,1415.0
2019-07-16,0.0,97.39,57.62,2.106,2.41,1.8,1415.0,1427.2
2019-07-23,-0.38915,97.7,56.77,2.078,2.4,1.81,1425.5,1427.4
2019-07-24,-0.0068,97.73,55.88,2.05,2.4,1.79,1427.4,1418.0
2019-07-25,-0.0258,97.82,56.02,2.083,2.4,1.8,1418.0,1423.5
2019-08-07,-0.8271,97.54,51.09,1.721,2.12,1.62,1513.2,1503.1
2019-08-09,0.3071,97.49,54.5,1.745,2.12,1.66,1502.0,1510.9
2019-08-12,-0.2023,97.38,54.93,1.64,2.12,1.61,1510.9,1507.9
2019-08-13,0.0,97.81,57.1,1.702,2.12,1.63,1507.9,1521.6
2019-08-19,0.5106,98.35,56.21,1.608,2.13,1.56,1505.5,1509.7
2019-08-23,-0.4215,97.64,54.17,1.533,2.12,1.54,1531.4,1530.9
2019-08-26,-0.5994,98.08,53.64,1.538,2.12,1.54,1530.9,1545.6
2019-09-16,-0.37494,98.61,62.9,1.843,2.25,1.67,1508.7,1510.8
2019-09-17,0.0249999999999999,98.26,59.34,1.81,2.3,1.66,1510.8,1513.0
2019-09-20,-0.2398,98.51,58.09,1.722,1.9,1.61,1512.0,1527.8
2019-09-25,0.0,99.04,56.49,1.737,1.9,1.6,1508.9,1511.7
2019-09-26,0.3804,99.13,56.41,1.697,1.85,1.57,1511.7,1506.4
2019-09-27,0.0,99.11,55.91,1.687,1.83,1.53,1506.4,1472.9
2019-09-30,0.00945,99.38,54.07,1.668,1.9,1.53,1472.9,1489.0
2019-10-01,0.0,99.13,53.62,1.635,1.88,1.52,1489.0,1507.9
2019-10-09,0.0,99.12,52.59,1.587,1.82,1.49,1512.8,1500.9
2019-10-10,0.0,98.7,53.55,1.67,1.82,1.52,1500.9,1488.7
2019-10-11,0.4588,98.3,54.7,1.734,1.82,1.56,1488.7,1497.6
2019-10-23,-0.2732,97.49,55.97,1.768,1.85,1.61,1495.7,1504.7
2019-11-01,-0.4588,97.24,56.2,1.714,1.57,1.59,1514.9,1514.7
2019-11-06,0.0,97.95,56.35,1.83,1.55,1.66,1496.8,1469.9
2019-11-12,0.0,98.31,56.8,1.928,1.55,1.7,1457.2,1466.8
2019-11-13,0.0,98.37,57.12,1.891,1.55,1.66,1466.8,1476.9
2019-11-15,0.4215,98.0,57.72,1.836,1.55,1.63,1472.0,1475.4
2019-11-22,-0.0986666666666666,98.27,57.77,1.771,1.55,1.62,1467.3,1460.5
2019-11-25,-0.34,98.32,58.01,1.752,1.55,1.62,1460.5,1464.4
2019-11-29,-0.6249,98.27,55.17,1.774,1.56,1.61,1472.7,1469.2
2019-12-11,-0.2182,97.08,58.76,1.793,1.55,1.69,1475.0,1472.3
2019-12-20,0.5499,97.69,60.44,1.919,1.55,1.77,1480.9,1488.7
2019-12-24,-0.3318,97.65,61.11,1.903,1.55,1.75,1504.8,1505.15
2019-12-27,0.14845,96.92,61.72,1.877,1.55,1.73,1518.1,1521.6
2020-01-03,-0.20095,96.84,63.05,1.793,1.55,1.77,1555.5,1572.0
2020-01-06,-0.3425,96.67,63.27,1.809,1.55,1.75,1572.0,1577.6
2020-01-07,0.0572999999999999,97.0,62.7,1.811,1.55,1.74,1577.6,1563.8
2020-01-08,0.0,97.3,59.61,1.874,1.55,1.75,1563.8,1557.8
2020-01-09,-0.5581999999999999,97.45,59.56,1.855,1.55,1.74,1557.8,1563.6
2020-01-10,0.15445,97.36,59.04,1.82,1.54,1.76,1563.6,1553.7
2020-01-23,-0.4588,97.69,55.59,1.731,1.55,1.7,1568.8,1575.2
2020-01-24,0.0,97.85,54.19,1.686,1.55,1.68,1575.2,1580.6
2020-01-30,0.07535,97.87,52.14,1.591,1.6,1.64,1589.2,1587.9
2020-02-06,-0.5256,98.5,50.95,1.644,1.59,1.67,1570.0,1573.4
2020-02-14,0.0,99.12,52.05,1.588,1.58,1.66,1586.4,1603.6
2020-02-18,0.34,99.44,52.05,1.559,1.59,1.65,1603.6,1611.8
2020-02-21,0.0,99.26,53.38,1.473,1.58,1.61,1648.8,1676.6
2020-02-28,0.16455,98.13,44.76,1.163,1.58,1.41,1569.3,1597.1
2020-03-03,-0.148,97.15,47.18,0.999,1.59,1.45,1646.6,1645.2
2020-03-04,0.0,97.34,46.78,1.055,1.09,1.46,1645.2,1670.0
2020-03-09,0.10205,94.89,31.13,0.559,1.09,0.99,1677.4,1662.0
2020-03-11,0.4019,96.51,32.98,0.877,1.09,0.96,1644.1,1592.1
2020-03-17,0.0,99.57,26.95,1.069,0.25,0.63,1527.2,1479.4
2020-03-18,0.0,101.16,20.37,1.183,0.25,0.63,1479.4,1481.3
2020-03-19,0.0,102.75,25.22,1.158,0.2,0.5,1481.3,1486.5
2020-03-27,-0.1531,98.36,21.51,0.676,0.1,0.94,1641.3,1643.2
2020-04-03,0.0,100.58,28.34,0.599,0.05,1.08,1645.7,1693.9
2020-04-13,-0.4404,99.35,22.41,0.77,0.05,1.26,1761.4,1768.9
2020-04-14,-0.6597,98.89,20.11,0.75,0.05,1.29,1768.9,1740.2
2020-04-30,-0.0772,99.02,18.84,0.646,0.05,1.07,1697.1,1704.4
2020-05-01,0.2732,99.08,19.78,0.618,0.05,1.06,1704.4,1717.2
2020-05-12,-0.1591,99.93,25.78,0.667,0.05,1.09,1713.4,1721.6
2020-05-18,0.743,99.67,31.82,0.726,0.05,1.17,1739.6,1751.6
2020-05-19,-0.3612,99.37,32.5,0.692,0.05,1.15,1751.6,1758.7
2020-05-21,-0.1531,99.37,33.92,0.68,0.05,1.14,1729.2,1744.3
2020-05-22,0.5267,99.86,33.25,0.657,0.05,1.12,1744.3,1705.6
2020-05-27,-0.7717,99.06,32.81,0.695,0.05,1.14,1719.1,1728.3
2020-06-01,-0.7783,97.83,35.44,0.667,0.05,1.18,1750.3,1734.0
2020-06-18,0.0,97.42,38.84,0.707,0.09,1.28,1731.1,1753.0
2020-07-22,-0.6249,94.99,41.9,0.6,0.09,1.48,1869.9,1894.8
2020-07-27,0.0,93.67,41.6,0.615,0.1,1.52,1936.2,1949.9
2020-09-11,-0.5994,93.33,37.33,0.669,0.09,1.65,1943.3,1958.8
2020-09-22,-0.4215,93.99,39.6,0.671,0.09,1.62,1903.4,1864.5
2020-09-23,-0.4215,94.39,39.93,0.677,0.09,1.6,1864.5,1873.0
2020-09-25,0.0,94.64,40.25,0.656,0.09,1.58,1862.2,1877.6
2020-10-15,0.1027,93.86,40.96,0.739,0.09,1.69,1908.9,1906.4
2020-10-23,0.0,92.77,39.85,0.841,0.09,1.75,1905.2,1905.7
2020-11-04,-0.3182,93.41,39.15,0.771,0.09,1.64,1899.7,1950.2
2020-11-25,-0.2732,91.99,45.71,0.882,0.08,1.75,1808.8,1788.1
2020-12-02,-0.3182,91.12,45.28,0.938,0.09,1.85,1830.2,1841.1
2020-12-04,-0.1531,90.7,46.26,0.973,0.09,1.89,1840.0,1866.0
2020-12-08,0.0,90.96,45.6,0.921,0.09,1.89,1874.9,1838.5
2020-12-23,-0.2732,90.41,48.12,0.945,0.09,1.97,1878.1,1883.2
2020-12-24,0.0,90.32,48.23,0.926,0.09,1.97,1883.2,1890.25
2020-12-30,0.4767,89.68,48.4,0.926,0.09,1.96,1895.6,1897.3
2020-12-31,0.5875,89.94,48.52,0.916,0.09,1.99,1897.3,1864.5
2021-01-14,0.6705,90.24,53.57,1.129,0.09,2.09,1853.3,1831.7
2021-01-22,0.0,90.24,52.27,1.086,0.08,2.09,1857.9,1856.9
2021-01-25,0.0,90.39,52.77,1.033,0.08,2.08,1856.9,1852.8
2021-02-09,0.3818,90.44,58.36,1.16,0.08,2.22,1837.5,1842.7
2021-02-11,0.0,90.42,58.24,1.165,0.08,2.2,1826.8,1823.2
2021-02-18,-0.34,90.59,60.52,1.297,0.07,2.16,1775.0,1777.4
2021-03-04,0.0,91.63,63.83,1.557,0.07,2.2,1702.4,1700.3
2021-03-08,0.0,92.31,65.05,1.603,0.07,2.21,1679.6,1718.5
2021-03-11,0.34,91.42,66.02,1.535,0.07,2.28,1723.9,1721.2
2021-03-15,0.7506,91.83,65.39,1.607,0.07,2.27,1730.6,1732.2
2021-03-18,0.0,91.86,60.0,1.706,0.07,2.27,1733.7,1742.9
2021-04-06,-0.3818,92.33,59.33,1.658,0.07,2.32,1743.0,1741.6
2021-04-07,-0.296,92.46,59.77,1.679,0.07,2.34,1741.6,1758.2
2021-04-14,0.6369,91.69,63.15,1.634,0.07,2.33,1736.3,1766.8
2021-04-15,0.5719,91.69,63.46,1.574,0.07,2.33,1766.8,1780.2
2021-04-16,-0.1531,91.56,63.13,1.59,0.07,2.36,1780.2,1770.6
2021-04-19,0.1779,91.07,63.38,1.61,0.07,2.34,1770.6,1778.4
2021-04-20,0.5106,91.24,62.44,1.566,0.07,2.32,1778.4,1793.1
2021-05-05,0.0,91.31,65.63,1.571,0.06,2.47,1785.3,1816.7
2021-05-12,-0.539,90.71,66.08,1.693,0.06,2.54,1823.7,1825.0
2021-05-18,0.1779,89.75,65.49,1.64,0.06,2.52,1869.0,1882.3
2021-05-24,0.6124,89.84,66.05,1.603,0.06,2.44,1885.5,1899.0
2021-05-26,-0.357,90.04,66.21,1.581,0.06,2.4,1902.3,1898.5
2021-06-01,-0.0772,89.83,67.72,1.606,0.06,2.46,1905.0,1909.9
2021-06-04,0.3612,90.14,69.62,1.557,0.06,2.4,1892.0,1898.8
2021-06-21,0.3612,91.9,73.66,1.497,0.1,2.25,1782.9,1777.4
2021-06-23,0.0,91.8,73.08,1.485,0.1,2.34,1783.4,1776.7
2021-07-13,0.4588,92.75,75.25,1.418,0.1,2.36,1810.8,1825.9
2021-07-29,-0.0644,91.86,73.62,1.266,0.1,2.43,1833.2,1814.5
2021-08-03,-0.296,92.08,70.56,1.174,0.1,2.38,1811.7,1812.2
2021-08-10,0.0,93.06,68.29,1.354,0.1,2.4,1729.7,1751.2
2021-08-18,0.0,93.14,65.46,1.26,0.09,2.32,1782.3,1780.9
2021-09-01,0.0,92.45,68.59,1.299,0.08,2.34,1814.9,1810.4
2021-09-14,-0.296,92.62,70.46,1.284,0.08,2.33,1806.1,1793.7
2021-09-23,0.0,93.03,73.3,1.435,0.08,2.31,1748.9,1750.9
2021-10-05,-0.0417,93.97,78.93,1.528,0.08,2.45,1760.9,1761.8
2021-10-12,-0.2732,94.52,80.64,1.572,0.08,2.49,1759.3,1794.7
2021-10-29,0.5859,94.12,83.57,1.561,0.07,2.51,1784.9,1796.9
2021-11-15,0.0,95.41,80.88,1.618,0.08,2.76,1868.0,1855.4
2021-12-07,0.267,96.37,72.05,1.482,0.08,2.47,1784.7,1785.5
2021-12-08,-0.8847,95.89,72.36,1.528,0.08,2.52,1785.5,1776.7
2021-12-14,-0.4019,96.57,70.73,1.441,0.08,2.37,1772.3,1764.5
2021-12-16,0.0,96.04,72.38,1.424,0.08,2.42,1798.2,1804.9
2021-12-22,0.3818,96.08,72.76,1.453,0.08,2.47,1802.2,1811.7
2022-01-03,-0.5106,96.21,76.08,1.637,0.08,2.6,1801.1,1815.8
2022-01-05,0.6369,96.17,77.85,1.7,0.08,2.53,1826.6,1791.0
2022-01-19,-0.4404,95.51,86.96,1.854,0.08,2.4,1844.7,1844.3
2022-01-24,-0.3818,95.92,83.31,1.776,0.08,2.38,1843.4,1854.1
2022-01-25,-0.21075,95.95,85.6,1.776,0.08,2.41,1854.1,1831.0
2022-02-03,0.0,95.38,90.27,1.836,0.08,2.38,1804.1,1807.8
2022-02-04,-0.38075,95.49,92.31,1.916,0.08,2.41,1807.8,1821.8
2022-02-08,0.34,95.64,89.36,1.965,0.08,2.42,1827.9,1836.6
2022-02-10,0.1909,95.55,89.88,2.043,0.08,2.45,1837.4,1842.1
2022-02-11,-0.2732,96.08,93.1,1.918,0.08,2.43,1842.1,1869.4
2022-02-14,0.128,96.37,95.46,1.986,0.08,2.48,1869.4,1856.2
2022-02-15,0.4268,95.99,92.07,2.043,0.08,2.48,1856.2,1871.5
2022-02-16,-0.1531,95.7,93.66,2.04,0.08,2.46,1871.5,1902.0
2022-02-18,-0.4588,96.04,91.07,1.927,0.08,2.41,1899.8,1907.4
2022-02-22,-0.5994,96.03,92.35,1.944,0.08,2.45,1907.4,1910.4
2022-02-24,-0.07395,97.14,92.81,1.97,0.08,2.55,1926.3,1889.2
2022-02-25,-0.27046,96.61,91.59,1.97,0.08,2.54,1889.2,1902.2
2022-02-28,0.2198,96.71,95.72,1.822,0.08,2.62,1902.2,1945.3
2022-03-01,-0.3887666666666666,97.41,103.41,1.716,0.08,2.62,1945.3,1924.6
2022-03-02,0.0,97.39,110.6,1.878,0.08,2.71,1924.6,1938.1
2022-03-03,-0.281525,97.79,107.67,1.84,0.08,2.69,1938.1,1968.9
2022-03-04,0.2023,98.65,115.68,1.737,0.08,2.67,1968.9,1998.7
2022-03-07,-0.4588,99.29,119.4,1.777,0.08,2.77,1998.7,2046.3
2022-03-08,-0.416,99.06,123.7,1.84,0.08,2.9,2046.3,1990.7
2022-03-09,0.3314,97.97,108.7,1.951,0.08,2.84,1990.7,2002.9
2022-03-14,-0.2997,99.0,103.01,2.142,0.08,2.93,1963.4,1932.6
2022-03-18,-0.3873,98.23,104.7,2.153,0.33,2.86,1931.7,1932.5
2022-03-28,-0.3182,99.09,105.96,2.466,0.33,2.95,1942.3,1915.2
2022-04-04,0.2273,99.0,103.28,2.393,0.33,2.8,1934.0,1927.5
2022-04-05,-0.1050571428571428,99.47,101.96,2.554,0.33,2.84,1927.5,1923.1
2022-04-06,-0.29785,99.6,96.23,2.598,0.33,2.83,1923.1,1937.8
2022-04-07,-0.0462599999999999,99.75,96.03,2.665,0.33,2.82,1937.8,1945.6
2022-04-08,-0.1242666666666666,99.8,98.26,2.704,0.33,2.87,1945.6,1948.2
2022-04-11,0.0594666666666666,99.93,94.29,2.774,0.33,2.91,1948.2,1976.1
2022-04-12,0.0881499999999999,100.29,100.6,2.727,0.33,2.86,1976.1,1984.7
2022-04-13,0.0861399999999999,99.88,104.25,2.703,0.33,2.8,1984.7,1974.9
2022-04-14,0.029925,100.32,106.95,2.828,0.33,2.89,1974.9,1966.95
2022-04-18,-0.1167,100.78,108.21,2.857,0.33,2.92,1986.4,1959.0
2022-04-19,-0.2259333333333333,100.96,102.56,2.94,0.33,2.93,1959.0,1955.6
2022-04-20,-0.099675,100.39,102.75,2.834,0.33,2.92,1955.6,1948.2
2022-04-21,0.28334,100.58,103.79,2.908,0.33,3.02,1948.2,1934.3
2022-04-22,-0.1076555555555555,101.22,102.07,2.905,0.33,2.98,1934.3,1896.0
2022-04-25,-0.0647333333333333,101.75,98.54,2.818,0.33,2.91,1896.0,1904.1
2022-04-26,-0.032075,102.3,101.7,2.728,0.33,2.85,1904.1,1888.7
2022-04-27,-0.2564499999999999,102.95,102.02,2.826,0.33,2.88,1888.7,1894.8
2022-04-28,0.05706,103.62,105.36,2.832,0.33,2.97,1894.8,1915.1
2022-04-29,-0.22362,102.96,104.69,2.938,0.33,2.88,1915.1,1867.0
2022-05-02,-0.1807714285714285,103.74,105.17,2.977,0.33,2.81,1867.0,1873.9
2022-05-03,0.1881333333333333,103.46,102.41,2.979,0.33,2.83,1873.9,1872.1
2022-05-04,0.3213749999999999,102.59,107.81,2.946,0.33,2.86,1872.1,1879.0
2022-05-05,-0.1117857142857142,103.75,108.26,3.035,0.83,2.87,1879.0,1886.2
2022-05-06,-0.54025,103.66,109.77,3.142,0.83,2.86,1886.2,1862.0
2022-05-09,-0.2161999999999999,103.65,103.09,3.034,0.83,2.75,1862.0,1844.4
2022-05-10,-0.2417666666666666,103.92,99.76,2.989,0.83,2.65,1844.4,1857.1
2022-05-11,0.0064799999999999,103.85,105.71,2.925,0.83,2.7,1857.1,1827.9
2022-05-12,-0.2180125,104.85,106.13,2.855,0.83,2.59,1827.9,1811.3
2022-05-13,-0.1421,104.56,110.49,2.928,0.83,2.69,1811.3,1816.8
2022-05-16,0.059,104.19,114.2,2.886,0.83,2.68,1816.8,1821.9
2022-05-17,0.1545666666666666,103.36,112.4,2.995,0.83,2.71,1821.9,1819.0
2022-05-18,-0.06138,103.81,109.59,2.884,0.83,2.72,1819.0,1844.0
2022-05-19,-0.04865,102.72,112.21,2.837,0.83,2.59,1844.0,1844.7
2022-05-20,-0.2466,103.15,113.23,2.788,0.83,2.55,1844.7,1850.6
2022-05-23,0.5471666666666667,102.08,110.29,2.861,0.83,2.6,1850.6,1868.4
2022-05-24,0.17302,101.86,109.77,2.754,0.83,2.55,1868.4,1849.2
2022-05-25,-0.2090571428571428,102.06,110.33,2.751,0.83,2.56,1849.2,1850.6
2022-05-26,0.1947,101.83,114.09,2.742,0.83,2.62,1850.6,1857.3
2022-05-27,0.1808199999999999,101.67,115.07,2.743,0.83,2.63,1857.3,1848.4
2022-05-31,0.0204375,101.75,114.67,2.849,0.83,2.64,1848.4,1848.7
2022-06-01,0.3316333333333333,102.5,115.26,2.911,0.83,2.65,1848.7,1871.4
2022-06-02,0.2123,101.82,116.87,2.913,0.83,2.66,1871.4,1850.2
2022-06-03,-0.2170333333333333,102.14,118.87,2.941,0.83,2.74,1850.2,1843.7
2022-06-06,-0.0472499999999999,102.44,118.5,3.04,0.83,2.76,1843.7,1852.1
2022-06-07,0.1471166666666666,102.32,119.41,2.979,0.83,2.73,1852.1,1856.5
2022-06-08,0.43394,102.54,122.11,3.027,0.83,2.75,1856.5,1852.8
2022-06-09,0.1582,103.22,121.51,3.046,0.83,2.75,1852.8,1875.5
2022-06-10,-0.0302428571428571,104.15,120.67,3.165,0.83,2.76,1875.5,1831.8
2022-06-13,-0.35774,105.08,120.93,3.362,0.83,2.74,1831.8,1813.5
2022-06-14,-0.14758,105.52,118.93,3.479,0.83,2.6,1813.5,1819.6
2022-06-15,0.2801333333333333,105.16,115.31,3.292,0.83,2.7,1819.6,1849.9
2022-06-16,-0.19554,103.63,117.59,3.195,1.58,2.62,1849.9,1840.6
2022-06-17,-0.3071,104.7,109.56,3.231,1.58,2.58,1840.6,1838.8
2022-06-21,-0.2211833333333333,104.43,110.65,3.279,1.58,2.61,1838.8,1838.4
2022-06-22,-0.19412,104.2,106.19,3.16,1.58,2.54,1838.4,1829.8
2022-06-24,-0.3548,104.18,107.62,3.138,1.58,2.56,1830.3,1824.8
2022-06-27,-0.3479111111111111,103.94,109.57,3.202,1.58,2.55,1824.8,1821.2
2022-06-28,-0.369425,104.51,111.76,3.177,1.58,2.48,1821.2,1822.0
2022-06-29,-0.054325,105.11,109.78,3.087,1.58,2.36,1822.0,1812.0
2022-06-30,-0.379525,104.68,105.76,3.017,1.58,2.33,1812.0,1805.9
2022-07-01,-0.1198166666666666,105.14,108.43,2.889,1.58,2.34,1805.9,1763.9
2022-07-05,-0.0992571428571428,106.54,99.5,2.818,1.58,2.3,1768.9,1741.3
2022-07-06,0.1313333333333333,107.1,98.53,2.934,1.58,2.29,1741.3,1744.1
2022-07-07,0.0011,107.13,102.73,3.0,1.58,2.33,1744.1,1746.7
2022-07-08,0.4222333333333333,107.01,104.79,3.08,1.58,2.37,1746.7,1735.9
2022-07-11,-0.0008833333333333,108.02,104.09,2.993,1.58,2.32,1735.9,1728.9
2022-07-12,-0.451325,108.07,95.84,2.971,1.58,2.32,1728.9,1739.5
2022-07-13,-0.186,107.96,96.3,2.935,1.58,2.31,1739.5,1709.9
2022-07-14,-0.23555,108.54,95.78,2.958,1.58,2.34,1709.9,1707.5
2022-07-15,0.3984666666666667,108.06,97.59,2.928,1.58,2.36,1707.5,1713.8
2022-07-18,0.11455,107.37,102.6,2.989,1.58,2.37,1713.8,1714.1
2022-07-19,-0.1506499999999999,106.68,104.22,3.028,1.58,2.39,1714.1,1703.9
2022-07-20,0.1542166666666667,107.08,102.26,3.03,1.58,2.38,1703.9,1717.3
2022-07-21,0.0836666666666666,106.91,96.35,2.882,1.58,2.33,1717.3,1731.4
2022-07-22,0.26426,106.73,94.7,2.754,1.58,2.34,1731.4,1723.2
2022-07-25,0.0326599999999999,106.48,96.7,2.807,1.58,2.36,1723.2,1721.9
2022-07-26,-0.2170714285714285,107.19,94.98,2.803,1.58,2.36,1721.9,1723.3
2022-07-27,-0.0871333333333333,106.45,97.26,2.785,1.58,2.42,1723.3,1759.0
2022-07-28,0.2262,106.35,96.42,2.671,2.33,2.48,1759.0,1771.5
2022-07-29,0.28914,105.9,98.62,2.658,2.32,2.53,1771.5,1777.6
2022-08-01,0.6486,105.45,93.89,2.588,2.33,2.51,1777.6,1779.7
2022-08-02,-0.207625,106.24,94.42,2.748,2.33,2.48,1779.7,1766.1
2022-08-03,0.1693428571428571,106.51,90.66,2.706,2.33,2.5,1766.1,1796.2
2022-08-04,-0.0185624999999999,105.69,88.54,2.694,2.33,2.46,1796.2,1780.5
2022-08-05,0.112775,106.62,89.01,2.827,2.33,2.46,1780.5,1794.3
2022-08-08,0.09122,106.43,90.76,2.75,2.33,2.48,1794.3,1801.5
2022-08-09,0.0258,106.37,90.5,2.779,2.33,2.47,1801.5,1803.3
2022-08-10,0.1658375,105.2,91.93,2.785,2.33,2.43,1803.3,1796.8
2022-08-11,-0.0685625,105.09,94.34,2.889,2.33,2.47,1796.8,1805.2
2022-08-12,0.1153,105.63,92.09,2.842,2.33,2.47,1805.2,1787.9
2022-08-15,0.0018,106.55,89.41,2.793,2.33,2.44,1787.9,1779.4
2022-08-16,-0.0219199999999999,106.5,86.53,2.808,2.33,2.44,1779.4,1766.5
2022-08-17,-0.2845999999999999,106.57,88.11,2.902,2.33,2.46,1766.5,1761.1
2022-08-18,0.0084333333333333,107.48,90.5,2.886,2.33,2.52,1761.1,1753.0
2022-08-19,0.0877,108.17,90.77,2.976,2.33,2.55,1753.0,1738.6
2022-08-22,0.0894666666666666,109.05,90.23,3.024,2.33,2.57,1738.6,1751.5
2022-08-23,-0.1851333333333333,108.62,93.74,3.057,2.33,2.58,1751.5,1752.0
2022-08-24,0.15164,108.68,94.89,3.109,2.33,2.62,1752.0,1761.8
2022-08-25,0.1503,108.47,92.52,3.031,2.33,2.6,1761.8,1740.6
2022-08-26,0.2351333333333333,108.8,93.06,3.03,2.33,2.57,1740.6,1740.5
2022-08-29,-0.30204,108.83,97.01,3.114,2.33,2.58,1740.5,1731.6
2022-08-30,-0.07195,108.77,91.64,3.112,2.33,2.55,1731.6,1721.4
2022-08-31,-0.0850333333333333,108.7,89.55,3.196,2.33,2.48,1721.4,1704.4
2022-09-01,-0.2440833333333333,109.69,86.61,3.259,2.33,2.45,1704.4,1717.7
2022-09-02,-0.068825,109.53,86.87,3.195,2.33,2.47,1717.7,1712.9
2022-09-06,0.3991,110.21,86.88,3.351,2.33,2.48,1707.9,1722.8
2022-09-07,0.13602,109.84,81.94,3.267,2.33,2.45,1722.8,1715.3
2022-09-08,0.1827333333333333,109.71,83.54,3.323,2.33,2.41,1715.3,1723.6
2022-09-09,0.346,109.0,86.79,3.315,2.33,2.42,1723.6,1735.6
2022-09-12,0.0093666666666666,108.33,87.78,3.358,2.33,2.42,1735.6,1712.0
2022-09-13,0.21125,109.82,87.31,3.412,2.33,2.44,1712.0,1703.2
2022-09-14,0.1209999999999999,109.66,88.48,3.404,2.33,2.46,1703.2,1671.4
2022-09-15,-0.0645333333333333,109.74,85.1,3.449,2.33,2.43,1671.4,1677.9
2022-09-16,-0.1152857142857143,109.76,85.11,3.455,2.33,2.38,1677.9,1672.6
2022-09-19,0.0079571428571428,109.74,85.73,3.494,2.33,2.34,1672.6,1665.7
2022-09-20,-0.296,110.21,84.45,3.569,2.33,2.4,1665.7,1670.5
2022-09-21,-0.0258125,110.64,82.94,3.534,2.33,2.38,1670.5,1676.1
2022-09-22,-0.2299666666666666,111.35,83.49,3.71,3.08,2.41,1676.1,1650.0
2022-09-23,-0.2763857142857143,113.19,78.74,3.687,3.08,2.37,1650.0,1628.2
2022-09-26,-0.2183333333333333,114.1,76.71,3.928,3.08,2.32,1628.2,1631.1
2022-09-27,-0.2123333333333333,114.11,78.5,3.949,3.08,2.33,1631.1,1665.1
2022-09-28,0.0,112.6,82.15,3.737,3.08,2.33,1665.1,1668.6
2022-09-29,0.2259,112.25,81.23,3.782,3.08,2.19,1668.6,1672.0
2022-09-30,0.1375999999999999,112.12,79.49,3.829,3.08,2.15,1672.0,1702.0
2022-10-03,0.3151714285714285,111.75,83.63,3.643,3.08,2.24,1702.0,1730.5
2022-10-04,0.3479,110.07,86.52,3.635,3.08,2.24,1730.5,1720.8
2022-10-05,0.1069499999999999,111.07,87.76,3.755,3.08,2.22,1720.8,1720.8
2022-10-06,0.06494,112.26,88.45,3.828,3.08,2.22,1720.8,1709.3
2022-10-07,0.25572,112.79,92.64,3.888,3.08,2.27,1709.3,1675.2
2022-10-11,-0.4085333333333333,113.22,89.35,3.945,3.08,2.31,1686.0,1677.5
2022-10-12,0.1062666666666666,113.32,87.27,3.902,3.08,2.29,1677.5,1677.0
2022-10-13,0.0887285714285714,112.36,89.11,3.95,3.08,2.34,1677.0,1648.9
2022-10-14,-0.2900999999999999,113.31,85.61,4.023,3.08,2.41,1648.9,1664.0
2022-10-17,-0.32285,112.04,85.46,4.012,3.08,2.45,1664.0,1655.8
2022-10-18,0.1826,112.13,82.82,4.007,3.08,2.41,1655.8,1634.2
2022-10-19,0.2400125,112.98,85.55,4.138,3.08,2.42,1634.2,1636.8
2022-10-20,-0.2433285714285714,112.88,85.98,4.233,3.08,2.51,1636.8,1656.3
2022-10-21,0.0158399999999999,112.01,85.05,4.219,3.08,2.52,1656.3,1654.1
2022-10-24,-0.2992,111.99,84.58,4.247,3.08,2.59,1654.1,1658.0
2022-10-25,0.08315,110.95,85.32,4.1,3.08,2.51,1658.0,1669.2
2022-10-26,0.200425,109.7,87.91,4.007,3.08,2.44,1669.2,1665.6
2022-10-27,-0.236,110.59,89.08,3.927,3.08,2.45,1665.6,1650.0
2022-10-28,-0.296,110.75,87.9,4.01,3.08,2.51,1650.0,1647.4
2022-10-31,-0.1901,111.53,86.53,4.05,3.08,2.52,1647.4,1656.9
2022-11-01,0.1186999999999999,111.48,88.37,4.048,3.08,2.51,1656.9,1656.9
2022-11-02,0.07274,111.35,90.0,4.096,3.08,2.53,1656.9,1637.8
2022-11-03,-0.0971333333333333,112.93,88.17,4.149,3.83,2.4,1637.8,1683.6
2022-11-04,0.49285,110.88,92.61,4.163,3.83,2.48,1683.6,1687.6
2022-11-07,0.23775,110.12,91.79,4.218,3.83,2.53,1687.6,1723.1
2022-11-08,0.0332285714285714,109.64,88.91,4.128,3.83,2.5,1723.1,1721.0
2022-11-09,0.0120166666666666,110.55,85.83,4.099,3.83,2.42,1721.0,1761.0
2022-11-10,-0.0272,108.21,86.47,3.811,3.83,2.39,1761.0,1776.6
2022-11-14,0.0,106.66,85.87,3.863,3.83,2.37,1784.0,1784.2
2022-11-15,0.0,106.4,86.92,3.777,3.83,2.35,1784.2,1783.5
2022-11-16,0.1011,106.28,85.59,3.69,3.83,2.29,1783.5,1770.6
2022-11-17,0.03786,106.69,81.64,3.769,3.83,2.28,1770.6,1762.0
2022-11-18,-0.10002,106.93,80.08,3.829,3.83,2.25,1762.0,1747.3
2022-11-21,0.1136333333333333,107.83,79.73,3.84,3.83,2.31,1747.3,1747.6
2022-11-22,-0.0531499999999999,107.22,80.95,3.758,3.83,2.32,1747.6,1753.3
2022-11-23,0.2239666666666666,106.08,77.94,3.689,3.83,2.32,1753.3,1754.0
2022-11-25,0.105375,105.96,76.28,3.691,3.83,2.32,1761.8,1748.1
2022-11-28,-0.2347199999999999,106.68,77.24,3.679,3.83,2.26,1748.1,1763.7
2022-11-29,-0.34675,106.82,78.2,3.75,3.83,2.25,1763.7,1759.9
2022-11-30,0.3797,105.95,80.55,3.611,3.83,2.34,1759.9,1815.2
2022-12-01,0.3462666666666666,104.73,81.22,3.51,3.83,2.36,1815.2,1809.6
2022-12-02,0.36824,104.54,79.98,3.492,3.83,2.43,1809.6,1781.3
2022-12-05,-0.0852666666666666,105.29,76.93,3.583,3.83,2.39,1781.3,1782.4
2022-12-06,-0.3207,105.58,74.25,3.531,3.83,2.31,1782.4,1798.0
2022-12-07,0.2110999999999999,105.1,72.01,3.421,3.83,2.26,1798.0,1801.5
2022-12-08,0.0007249999999999,104.77,71.46,3.489,3.83,2.28,1801.5,1810.7
2022-12-09,-0.1113625,104.81,71.02,3.586,3.83,2.26,1810.7,1792.3
2022-12-12,-0.1399999999999999,105.13,73.17,3.617,3.83,2.28,1792.3,1825.5
2022-12-13,0.0,103.98,75.39,3.501,3.83,2.24,1825.5,1818.7
2022-12-14,-0.2936666666666667,103.77,77.28,3.479,3.83,2.19,1818.7,1787.8
2022-12-15,-0.00875,104.56,76.11,3.45,4.33,2.16,1787.8,1800.2
2022-12-16,0.10482,104.7,74.29,3.488,4.33,2.13,1800.2,1797.7
2022-12-19,0.1531,104.72,75.19,3.59,4.33,2.15,1797.7,1825.4
2022-12-20,0.08804,103.96,76.09,3.692,4.33,2.24,1825.4,1825.4
2022-12-21,0.58365,104.16,78.29,3.673,4.33,2.27,1825.4,1795.3
2022-12-22,0.2739399999999999,104.43,77.49,3.686,4.33,2.19,1795.3,1804.2
2022-12-23,0.119175,104.31,79.56,3.751,4.33,2.2,1804.2,1810.0
2022-12-27,0.1518499999999999,104.18,79.53,3.849,4.33,2.26,1823.1,1815.8
2022-12-28,-0.1531,104.46,78.96,3.886,4.33,2.28,1815.8,1833.0
2022-12-29,0.0839599999999999,103.84,78.4,3.82,4.33,2.27,1833.0,1833.7
2022-12-30,0.2202,103.52,80.26,3.879,4.33,2.3,1833.7,1850.1
2023-01-03,-0.2364,104.52,76.93,3.752,4.33,2.26,1853.5,1866.5
2023-01-04,-0.0825666666666666,104.25,72.84,3.69,4.33,2.22,1866.5,1848.2
2023-01-05,-0.2065874999999999,105.04,73.67,3.722,4.33,2.22,1848.2,1876.9
2023-01-06,-0.1834666666666666,103.88,73.77,3.56,4.33,2.21,1876.9,1885.3
2023-01-09,-0.3004166666666666,103.0,74.63,3.527,4.33,2.22,1885.3,1884.3
2023-01-10,0.0571799999999999,103.24,75.12,3.615,4.33,2.24,1884.3,1886.4
2023-01-11,0.05575,103.19,77.41,3.543,4.33,2.23,1886.4,1906.2
2023-01-12,0.29972,102.25,78.39,3.444,4.33,2.21,1906.2,1929.1
2023-01-13,0.0258,102.2,79.86,3.498,4.33,2.18,1929.1,1909.9
2023-01-17,-0.1070999999999999,102.39,80.18,3.549,4.33,2.17,1917.6,1914.6
2023-01-18,-0.1413333333333333,102.36,79.48,3.373,4.33,2.12,1914.6,1931.4
2023-01-19,0.0623999999999999,102.06,80.33,3.399,4.33,2.2,1931.4,1935.8
2023-01-20,0.0646571428571428,102.01,81.31,3.482,4.33,2.23,1935.8,1936.2
2023-01-23,-0.07314,102.14,81.62,3.521,4.33,2.28,1936.2,1943.1
2023-01-24,0.0828333333333333,101.92,80.13,3.455,4.33,2.27,1943.1,1950.3
2023-01-25,0.1973,101.64,80.15,3.451,4.33,2.29,1950.3,1937.6
2023-01-26,-0.0265749999999999,101.84,81.01,3.506,4.33,2.33,1937.6,1936.6
2023-01-27,0.31195,101.93,79.68,3.507,4.33,2.33,1936.6,1939.2
2023-01-30,-0.20804,102.28,77.9,3.542,4.33,2.29,1939.2,1945.3
2023-01-31,0.4664,102.1,78.87,3.51,4.33,2.24,1945.3,1942.8
2023-02-01,-0.2890333333333333,101.22,76.41,3.417,4.33,2.25,1942.8,1930.8
2023-02-02,0.1424,101.75,75.88,3.402,4.58,2.22,1930.8,1876.6
2023-02-03,-0.1107,102.92,73.39,3.519,4.58,2.22,1876.6,1879.5
2023-02-06,-0.13252,103.62,74.11,3.644,4.58,2.25,1879.5,1884.8
2023-02-07,-0.0666571428571428,103.43,77.14,3.679,4.58,2.31,1884.8,1890.7
2023-02-08,0.22545,103.41,78.47,3.615,4.58,2.34,1890.7,1878.5
2023-02-09,0.0963,103.22,78.06,3.664,4.57,2.33,1878.5,1874.5
2023-02-10,-0.044975,103.63,79.72,3.743,4.58,2.33,1874.5,1863.5
2023-02-13,-0.22555,103.35,80.14,3.704,4.58,2.31,1863.5,1865.4
2023-02-14,0.0,103.23,79.06,3.753,4.58,2.31,1865.4,1845.3
2023-02-15,-0.0641199999999999,103.92,78.59,3.803,4.58,2.35,1845.3,1851.8
2023-02-16,-0.0374166666666666,103.86,78.49,3.863,4.58,2.37,1851.8,1850.2
2023-02-17,-0.1782,103.86,76.34,3.817,4.58,2.36,1850.2,1842.5
2023-02-21,-0.0291799999999999,104.18,76.16,3.954,4.58,2.42,1842.5,1841.5
2023-02-22,-0.0257333333333333,104.58,73.95,3.927,4.58,2.41,1841.5,1826.8
2023-02-23,-0.3275,104.6,75.39,3.89,4.58,2.39,1826.8,1817.1
2023-02-24,-0.3046,105.21,76.32,3.947,4.58,2.38,1817.1,1832.8
2023-02-27,0.0977399999999999,104.67,75.68,3.922,4.57,2.36,1832.8,1844.6
2023-02-28,-0.0014833333333333,104.87,77.05,3.928,4.57,2.43,1844.6,1853.2
2023-03-01,0.0080666666666666,104.48,77.69,3.994,4.58,2.44,1853.2,1848.4
2023-03-02,0.0193,105.03,78.16,4.062,4.57,2.48,1848.4,1862.5
2023-03-03,0.2370499999999999,104.52,79.68,3.958,4.57,2.52,1862.5,1862.5
2023-03-06,-0.2333333333333333,104.35,80.46,3.964,4.57,2.49,1862.5,1827.8
2023-03-07,-0.05125,105.61,77.58,3.97,4.57,2.38,1827.8,1826.5
2023-03-08,-0.1591,105.66,76.66,3.989,4.57,2.32,1826.5,1842.5
2023-03-09,0.0342333333333333,105.31,75.72,3.907,4.57,2.3,1842.5,1875.1
2023-03-10,0.1100714285714285,104.58,76.68,3.704,4.57,2.26,1875.1,1924.2
2023-03-13,-0.1214666666666666,103.6,74.8,3.545,4.58,2.24,1924.2,1918.6
2023-03-14,-0.35455,103.6,71.33,3.685,4.58,2.31,1918.6,1939.2
2023-03-15,0.023211111111111,104.65,67.61,3.462,4.58,2.29,1939.2,1930.8
2023-03-16,-0.2263666666666667,104.42,68.35,3.579,4.58,2.22,1930.8,1981.3
2023-03-17,0.168425,103.71,66.74,3.438,4.58,2.1,1981.3,1991.0
2023-03-20,-0.12815,103.28,67.64,3.483,4.58,2.14,1991.0,1949.5
2023-03-21,-0.0105999999999999,103.26,69.33,3.608,4.58,2.23,1949.5,1957.8
2023-03-22,0.25085,102.35,70.9,3.451,4.58,2.28,1957.8,2004.1
2023-03-23,0.19718,102.53,69.96,3.414,4.83,2.19,2004.1,1992.4
2023-03-24,0.1069571428571428,103.12,69.26,3.372,4.83,2.22,1992.4,1962.2
2023-03-27,-0.3141,102.86,72.81,3.539,4.83,2.24,1962.2,1981.4
2023-03-28,0.0415999999999999,102.43,73.2,3.572,4.83,2.31,1981.4,1975.2
2023-03-29,-0.1462,102.64,72.97,3.566,4.83,2.33,1975.2,1997.7
2023-03-30,-0.0225833333333333,102.14,74.37,3.547,4.83,2.34,1997.7,1986.2
2023-03-31,0.2656142857142857,102.51,75.67,3.473,4.83,2.32,1986.2,2000.4
2023-04-03,-0.01218,102.09,80.42,3.415,4.83,2.29,2000.4,2038.2
2023-04-04,-0.0570428571428571,101.59,80.71,3.339,4.83,2.25,2038.2,2035.6
2023-04-05,-0.2766,101.85,80.61,3.309,4.83,2.23,2035.6,2026.4
2023-04-06,0.17715,101.82,80.7,3.303,4.83,2.24,2026.4,2022.7
2023-04-10,0.20212,102.58,79.74,3.415,4.83,2.27,2003.8,2019.0
2023-04-11,0.2121875,102.2,81.53,3.432,4.83,2.29,2019.0,2024.9
2023-04-12,0.118,101.5,83.26,3.4,4.83,2.27,2024.9,2055.3
2023-04-13,0.0912857142857142,101.01,82.16,3.449,4.83,2.29,2055.3,2015.8
2023-04-14,0.1124181818181818,101.55,82.52,3.515,4.83,2.3,2015.8,2007.0
2023-04-17,-0.3286,102.1,80.83,3.606,4.83,2.32,2007.0,2019.7
2023-04-18,0.2856599999999999,101.75,80.86,3.578,4.83,2.28,2019.7,2007.3
2023-04-19,-0.1445,101.97,79.16,3.591,4.83,2.28,2007.3,2019.1
2023-04-20,0.159175,101.84,77.29,3.536,4.83,2.26,2019.1,1990.5
2023-04-21,0.1012375,101.82,77.87,3.568,4.83,2.28,1990.5,1999.8
2023-04-24,-0.2269333333333333,101.35,78.76,3.496,4.83,2.28,1999.8,2004.5
2023-04-25,-0.14772,101.86,77.07,3.4,4.83,2.25,2004.5,1996.0
2023-04-26,0.0,101.47,74.3,3.445,4.83,2.25,1996.0,2008.1
2023-04-27,0.0787166666666666,101.5,74.76,3.528,4.83,2.27,2008.1,2008.6
2023-04-28,0.1388111111111111,101.66,76.78,3.433,4.83,2.18,2008.6,2002.0
2023-05-01,0.1476888888888889,102.15,75.66,3.57,4.83,2.23,2002.0,2033.2
2023-05-02,0.16296,101.96,71.66,3.433,4.83,2.2,2033.2,2046.9
2023-05-03,0.03612,101.34,68.6,3.364,4.83,2.2,2046.9,2065.6
2023-05-04,-0.0155285714285714,101.4,68.56,3.377,5.08,2.19,2065.6,2034.7
2023-05-05,0.1308666666666667,101.21,71.34,3.435,5.08,2.21,2034.7,2043.2
2023-05-08,0.3333833333333333,101.38,73.16,3.507,5.08,2.23,2043.2,2052.9
2023-05-09,-0.0182,101.61,73.71,3.522,5.08,2.23,2052.9,2047.0
2023-05-10,-0.1426599999999999,101.48,72.56,3.439,5.08,2.17,2047.0,2030.4
2023-05-11,-0.0096142857142857,102.06,70.87,3.386,5.08,2.16,2030.4,2029.7
2023-05-12,-0.1535142857142857,102.68,70.04,3.463,5.08,2.18,2029.7,2032.6
2023-05-15,-0.1922777777777777,102.43,71.11,3.507,5.08,2.19,2032.6,2002.8
2023-05-16,-0.0910666666666666,102.56,70.86,3.541,5.08,2.19,2002.8,1994.6
2023-05-17,-0.0563499999999999,102.88,72.83,3.572,5.08,2.22,1994.6,1969.4
2023-05-18,-0.0769714285714285,103.58,71.86,3.651,5.08,2.23,1969.4,1991.2
2023-05-19,-0.0403199999999999,103.2,71.55,3.682,5.08,2.24,1991.2,1986.7
2023-05-22,-0.364325,103.2,71.99,3.719,5.08,2.24,1986.7,1984.0
2023-05-23,-0.07555,103.49,72.91,3.698,5.08,2.26,1984.0,1974.1
2023-05-24,0.2837333333333333,103.89,74.34,3.744,5.08,2.25,1974.1,1953.2
2023-05-25,0.0412428571428571,104.25,71.83,3.823,5.08,2.25,1953.2,1954.0
2023-05-26,0.1191444444444444,104.21,72.67,3.81,5.08,2.23,1954.0,1977.1
2023-05-30,0.0245,104.17,69.46,3.694,5.08,2.22,1977.1,1982.1
2023-05-31,0.19494,104.33,68.09,3.646,5.08,2.18,1982.1,1995.5
2023-06-01,-0.14985,103.56,70.1,3.601,5.08,2.16,1995.5,1969.6
2023-06-02,0.26976,104.01,71.74,3.698,5.08,2.18,1969.6,1974.3
2023-06-05,-0.22624,104.0,72.15,3.689,5.08,2.19,1974.3,1981.5
2023-06-06,0.2835333333333333,104.13,71.74,3.677,5.08,2.2,1981.5,1958.4
2023-06-07,-0.1338,104.1,72.53,3.793,5.08,2.21,1958.4,1978.6
2023-06-08,0.43335,103.34,71.29,3.718,5.08,2.2,1978.6,1977.2
2023-06-09,0.1996666666666666,103.56,70.17,3.743,5.08,2.2,1977.2,1969.7
2023-06-12,-0.10115,103.65,67.12,3.743,5.08,2.17,1969.7,1958.6
2023-06-13,-0.14245,103.34,69.42,3.827,5.08,2.2,1958.6,1968.9
2023-06-14,0.12655,102.95,68.27,3.79,5.08,2.21,1968.9,1970.7
2023-06-15,0.01104,102.11,70.62,3.72,5.07,2.21,1970.7,1971.2
2023-06-16,-0.1322375,102.24,71.78,3.767,5.08,2.22,1971.2,1947.7
2023-06-21,0.26025,102.07,72.53,3.727,5.07,2.21,1944.9,1923.7
2023-06-22,-0.2023,102.39,69.51,3.797,5.07,2.24,1923.7,1929.6
2023-06-23,-0.38354,102.9,69.16,3.737,5.07,2.21,1929.6,1933.8
2023-06-26,-0.2535111111111111,102.69,69.37,3.723,5.07,2.18,1933.8,1923.8
2023-06-27,-0.12118,102.49,67.7,3.772,5.07,2.2,1923.8,1922.2
2023-06-28,0.0603555555555555,102.9,69.56,3.714,5.07,2.18,1922.2,1926.6
2023-06-29,0.1558666666666666,103.34,69.86,3.842,5.07,2.2,1926.6,1938.3
2023-06-30,-0.1743,102.91,70.64,3.841,5.08,2.22,1938.3,1938.7
2023-07-03,-0.3818,102.96,69.79,3.858,5.08,2.25,1938.7,1927.1
2023-07-05,-0.0727799999999999,103.37,71.79,3.934,5.08,2.26,1936.4,1924.8
2023-07-06,0.0144142857142857,103.07,71.8,4.031,5.08,2.27,1924.8,1941.9
2023-07-07,-0.1210499999999999,102.27,73.86,4.066,5.08,2.27,1941.9,1940.4
2023-07-10,-0.1114799999999999,101.97,72.99,4.0,5.07,2.25,1940.4,1946.7
2023-07-11,-0.0065,101.73,74.83,3.978,5.08,2.24,1946.7,1971.4
2023-07-12,0.1336599999999999,100.52,75.75,3.861,5.08,2.26,1971.4,1973.4
2023-07-13,0.0469428571428571,99.77,76.89,3.767,5.08,2.24,1973.4,1974.0
2023-07-14,0.2855,99.91,75.42,3.83,5.08,2.24,1974.0,1966.0
2023-07-17,-0.1159333333333333,99.84,74.15,3.809,5.08,2.25,1966.0,1990.3
2023-07-18,0.1710833333333333,99.94,75.75,3.789,5.08,2.23,1990.3,1990.3
2023-07-19,0.0,100.28,75.35,3.748,5.08,2.22,1990.3,1980.5
2023-07-20,-0.0464714285714285,100.88,75.63,3.856,5.08,2.35,1980.5,1976.2
2023-07-21,0.09935,101.07,77.07,3.837,5.08,2.35,1976.2,1971.9
2023-07-24,0.1393,101.35,78.74,3.878,5.08,2.38,1971.9,1973.4
2023-07-25,0.05135,101.35,79.63,3.89,5.08,2.39,1973.4,1979.9
2023-07-26,0.2390333333333333,100.89,78.78,3.873,5.08,2.36,1979.9,1955.5
2023-07-27,0.1079666666666666,101.77,80.09,4.002,5.33,2.37,1955.5,1980.0
2023-07-28,0.2616,101.62,80.58,3.957,5.33,2.38,1980.0,1989.3
2023-07-31,0.1296,101.86,81.8,3.967,5.33,2.37,1989.3,1959.2
2023-08-01,-0.2089666666666666,102.3,81.37,4.037,5.33,2.37,1959.2,1955.5
2023-08-02,0.5394333333333333,102.59,79.49,4.09,5.33,2.36,1955.5,1949.4
2023-08-03,0.1662142857142857,102.54,81.55,4.179,5.33,2.37,1949.4,1956.6
2023-08-04,-0.16594,102.02,82.82,4.042,5.33,2.38,1956.6,1950.5
2023-08-07,-0.2454666666666666,102.05,81.94,4.097,5.33,2.41,1950.5,1940.5
2023-08-08,0.09535,102.53,82.92,4.028,5.33,2.36,1940.5,1931.5
2023-08-09,0.2526333333333333,102.49,84.4,4.016,5.33,2.34,1931.5,1930.0
2023-08-10,-0.3696,102.52,82.82,4.107,5.33,2.33,1930.0,1927.7
2023-08-11,-0.230225,102.84,83.19,4.158,5.33,2.36,1927.7,1925.2
2023-08-14,0.06575,103.19,82.51,4.201,5.33,2.36,1925.2,1916.5
2023-08-15,0.0164777777777777,103.21,80.99,4.219,5.33,2.32,1916.5,1909.8
2023-08-16,0.2583875,103.43,79.38,4.258,5.33,2.32,1909.8,1896.7
2023-08-17,0.0325111111111111,103.57,80.39,4.284,5.33,2.33,1896.7,1898.1
2023-08-18,-0.0212933333333333,103.38,81.25,4.251,5.33,2.32,1898.1,1905.1
2023-08-21,-0.0300538461538461,103.3,80.72,4.342,5.33,2.34,1905.1,1908.1
2023-08-22,-0.0054624999999999,103.56,80.35,4.332,5.33,2.35,1908.1,1929.9
2023-08-23,0.2644375,103.42,78.89,4.196,5.33,2.35,1929.9,1928.5
2023-08-24,0.0443071428571428,103.98,79.05,4.241,5.33,2.32,1928.5,1921.3
2023-08-25,0.0725153846153846,104.08,79.83,4.231,5.33,2.33,1921.3,1927.9
2023-08-28,-0.0228666666666666,104.06,80.1,4.206,5.33,2.3,1927.9,1946.1
2023-08-29,0.0879833333333333,103.53,81.16,4.12,5.33,2.29,1946.1,1963.7
2023-08-30,-0.0517857142857143,103.16,81.63,4.112,5.33,2.26,1963.7,1956.6
2023-08-31,-0.1209833333333333,103.62,83.63,4.106,5.33,2.24,1956.6,1957.8
2023-09-01,0.267675,104.24,85.55,4.181,5.33,2.26,1957.8,1952.6
2023-09-05,0.050575,104.81,86.69,4.266,5.33,2.29,1943.5,1935.0
2023-09-06,-0.0164466666666666,104.86,87.54,4.296,5.33,2.3,1935.0,1933.3
2023-09-07,-0.0017692307692307,105.06,86.87,4.25,5.33,2.32,1933.3,1933.7
2023-09-08,-0.1244533333333333,105.09,87.51,4.26,5.33,2.33,1933.7,1938.2
2023-09-11,0.0885666666666666,104.57,87.29,4.294,5.33,2.35,1938.2,1926.1
2023-09-12,-0.16798,104.71,88.84,4.28,5.33,2.34,1926.1,1923.5
2023-09-13,0.0057,104.77,88.52,4.254,5.33,2.35,1923.5,1923.7
2023-09-14,-0.0461,105.4,90.16,4.286,5.33,2.34,1923.7,1937.0
2023-09-15,0.11025,105.32,90.77,4.336,5.33,2.35,1937.0,1944.3
2023-09-18,0.06312,105.2,91.48,4.303,5.33,2.36,1944.3,1944.5
2023-09-19,-0.0063090909090909,105.16,91.2,4.365,5.33,2.37,1944.5,1958.0
2023-09-20,0.024,105.12,90.28,4.399,5.33,2.35,1958.0,1930.4
2023-09-21,0.0140384615384615,105.36,89.63,4.494,5.33,2.38,1930.4,1936.3
2023-09-22,0.1383636363636363,105.58,90.03,4.438,5.33,2.37,1936.3,1927.4
2023-09-25,-0.1784692307692307,106.0,89.68,4.531,5.33,2.37,1927.4,1910.7
2023-09-26,-0.2494714285714285,106.23,90.39,4.55,5.33,2.33,1910.7,1881.7
2023-09-27,-0.1110368421052631,106.67,93.68,4.608,5.33,2.34,1881.7,1878.6
2023-09-28,0.117490909090909,106.22,91.71,4.579,5.33,2.39,1878.6,1866.1
2023-09-29,-0.0209307692307692,106.22,90.79,4.579,5.33,2.35,1866.1,1847.2
2023-10-02,-0.0030230769230769,106.9,88.82,4.685,5.33,2.35,1847.2,1841.5
2023-10-03,-0.0155466666666666,107.0,89.23,4.795,5.33,2.36,1841.5,1834.8
2023-10-04,0.0242136363636363,106.8,84.22,4.735,5.33,2.33,1834.8,1831.8
2023-10-05,0.0380318181818181,106.33,82.31,4.721,5.33,2.31,1831.8,1845.2
2023-10-06,0.0296454545454545,106.04,82.79,4.795,5.33,2.31,1845.2,1864.3
2023-10-10,-0.06272,105.82,85.97,4.657,5.33,2.32,1875.3,1887.3
2023-10-11,0.0549727272727272,105.82,83.49,4.558,5.33,2.32,1887.3,1883.0
2023-10-12,0.04656,106.6,82.91,4.697,5.33,2.34,1883.0,1941.5
2023-10-13,-0.2115,106.65,87.69,4.616,5.33,2.34,1941.5,1934.3
2023-10-16,0.0585181818181818,106.24,86.66,4.7,5.33,2.38,1934.3,1935.7
2023-10-17,-0.0384266666666666,106.25,86.66,4.836,5.33,2.41,1935.7,1968.3
2023-10-18,0.0368928571428571,106.57,88.32,4.911,5.33,2.44,1968.3,1980.5
2023-10-19,0.0286454545454545,106.25,89.37,4.99,5.33,2.49,1980.5,1994.4
2023-10-20,0.0862421052631579,106.16,88.75,4.914,5.33,2.47,1994.4,1987.8
2023-10-23,-0.0466578947368421,105.54,85.49,4.848,5.33,2.41,1987.8,1986.1
2023-10-24,-0.0030428571428571,106.27,83.74,4.819,5.33,2.4,1986.1,1994.9
2023-10-25,0.1384277777777777,106.53,85.39,4.961,5.33,2.43,1994.9,1997.4
2023-10-26,-0.0632315789473684,106.6,83.21,4.849,5.33,2.42,1997.4,1998.5
2023-10-27,0.0181,106.56,85.54,4.845,5.33,2.42,1998.5,2015.0
2023-10-30,-0.0032454545454545,106.12,82.31,4.888,5.33,2.44,2015.0,2004.6
2023-10-31,-0.05056,106.66,81.02,4.926,5.33,2.42,2004.6,1997.8
2023-11-01,0.034025,106.88,80.44,4.734,5.33,2.41,1997.8,2003.9
2023-11-02,0.0662176470588235,106.12,82.46,4.661,5.33,2.4,2003.9,2009.7
2023-11-03,0.103985,105.02,80.51,4.576,5.33,2.39,2009.7,1999.3
2023-11-06,0.0551615384615384,105.21,80.82,4.647,5.33,2.42,1999.3,1984.1
2023-11-07,-0.0500761904761904,105.54,77.37,4.569,5.33,2.39,1984.1,1968.3
2023-11-08,0.1166705882352941,105.59,75.33,4.492,5.33,2.34,1968.3,1980.3
2023-11-09,0.0345826086956521,105.91,75.74,4.632,5.33,2.33,1980.3,1948.0
2023-11-10,-0.0084,105.86,77.17,4.646,5.33,2.32,1948.0,1960.6
2023-11-13,0.0636466666666666,105.63,78.26,4.638,5.33,2.31,1960.6,1977.0
2023-11-14,0.0118434782608695,104.05,78.26,4.453,5.33,2.28,1977.0,1974.7
2023-11-15,-0.0752571428571428,104.39,76.66,4.537,5.33,2.31,1974.7,1997.7
2023-11-16,0.0905749999999999,104.35,72.9,4.441,5.33,2.27,1997.7,1995.1
2023-11-17,0.0165461538461538,103.92,75.89,4.439,5.33,2.28,1995.1,1990.7
2023-11-20,0.0229294117647058,103.44,77.6,4.426,5.33,2.3,1990.7,2012.0
2023-11-21,0.27320625,103.57,77.77,4.398,5.33,2.25,2012.0,2003.4
2023-11-22,0.0380125,103.92,77.1,4.408,5.33,2.26,2003.4,2003.0
2023-11-24,0.1512272727272727,103.4,75.54,4.472,5.33,2.26,2013.7,2023.1
2023-11-27,-0.1154571428571428,103.2,74.86,4.39,5.33,2.21,2023.1,2050.5
2023-11-28,0.16375,102.75,76.41,4.325,5.33,2.22,2050.5,2067.1
2023-11-29,0.219495652173913,102.76,77.86,4.259,5.33,2.21,2067.1,2057.2
2023-11-30,0.0714454545454545,103.5,75.96,4.33,5.33,2.23,2057.2,2089.7
2023-12-01,0.2411,103.27,74.07,4.209,5.33,2.22,2089.7,2042.2
2023-12-04,0.158835294117647,103.71,73.04,4.259,5.33,2.21,2042.2,2036.3
2023-12-05,0.1316357142857142,104.05,72.32,4.167,5.33,2.17,2036.3,2047.9
2023-12-06,0.0302260869565217,104.15,69.38,4.114,5.33,2.14,2047.9,2046.4
2023-12-07,0.059975,103.54,69.34,4.148,5.33,2.17,2046.4,2014.5
2023-12-08,0.080485,104.01,71.23,4.229,5.33,2.21,2014.5,1993.7
2023-12-11,-0.0038727272727272,104.1,71.32,4.237,5.33,2.19,1993.7,1993.2
2023-12-12,0.040735294117647,103.86,68.61,4.21,5.33,2.16,1993.2,1997.3
2023-12-13,0.0583437499999999,102.87,69.47,4.024,5.33,2.16,1997.3,2044.9
2023-12-14,0.15552,101.96,71.58,3.921,5.33,2.22,2044.9,2035.7
2023-12-15,0.1266739130434782,102.55,71.43,3.915,5.33,2.22,2035.7,2040.5
2023-12-18,0.0084071428571428,102.56,72.47,3.935,5.33,2.21,2040.5,2052.1
2023-12-19,0.2549571428571428,102.17,73.44,3.931,5.33,2.19,2052.1,2047.7
2023-12-20,0.2625454545454545,102.41,74.22,3.853,5.33,2.19,2047.7,2051.3
2023-12-21,0.0280105263157894,101.84,73.89,3.892,5.33,2.19,2051.3,2069.1
2023-12-22,0.0907529411764705,101.7,73.56,3.901,5.33,2.19,2069.1,2081.1
2023-12-26,0.2813857142857143,101.47,75.57,3.897,5.33,2.18,2069.8,2093.1
2023-12-27,0.1510857142857142,100.99,74.11,3.789,5.33,2.15,2093.1,2093.1
2023-12-28,0.2540727272727273,101.23,71.77,3.846,5.33,2.16,2093.1,2081.4
2023-12-29,-0.0015923076923076,101.33,71.65,3.866,5.33,2.16,2081.4,2066.95
2024-01-02,0.08846,102.2,70.38,3.941,5.33,2.21,2083.0,2052.5
2024-01-03,0.05155625,102.49,72.7,3.92,5.33,2.2,2052.5,2059.6
2024-01-04,0.12802,102.42,72.19,4.003,5.33,2.22,2059.6,2059.7
2024-01-05,0.1791142857142857,102.41,73.81,4.051,5.33,2.22,2059.7,2043.2
2024-01-08,-0.0160428571428571,102.21,70.77,4.027,5.33,2.22,2043.2,2042.7
2024-01-09,-0.076775,102.57,72.24,4.015,5.33,2.22,2042.7,2037.5
2024-01-10,0.2211214285714285,102.36,71.37,4.03,5.33,2.22,2037.5,2028.9
2024-01-11,0.0595058823529411,102.29,72.02,3.975,5.33,2.22,2028.9,2061.1
2024-01-12,-0.0218083333333333,102.4,72.68,3.939,5.33,2.27,2061.1,2030.2
2024-01-16,0.1223833333333333,103.36,72.4,4.054,5.33,2.3,2039.7,2015.9
2024-01-17,-0.0621833333333333,103.45,72.56,4.106,5.33,2.3,2015.9,2031.1
2024-01-18,0.1018846153846153,103.54,74.08,4.142,5.33,2.34,2031.1,2038.5
2024-01-19,0.0641470588235294,103.29,73.41,4.13,5.33,2.34,2038.5,2031.5
2024-01-22,0.2255555555555556,103.33,75.19,4.107,5.33,2.31,2031.5,2035.2
2024-01-23,0.11985,103.62,74.37,4.132,5.33,2.29,2035.2,2025.4
2024-01-24,0.01495,103.24,75.09,4.18,5.33,2.3,2025.4,2027.1
2024-01-25,-0.0761538461538461,103.57,77.36,4.12,5.33,2.29,2027.1,2026.6
2024-01-26,-0.0284714285714285,103.43,78.01,4.139,5.33,2.3,2026.6,2034.9
2024-01-29,0.01425,103.61,76.78,4.076,5.33,2.3,2034.9,2050.9
2024-01-30,-0.0572642857142857,103.4,77.82,4.036,5.33,2.26,2050.9,2067.4
2024-01-31,0.1780117647058823,103.27,75.85,3.918,5.33,2.26,2067.4,2071.1
2024-02-01,-0.0921714285714285,103.05,73.82,3.882,5.33,2.19,2071.1,2053.7
2024-02-02,0.17345,103.92,72.28,4.024,5.33,2.21,2053.7,2042.9
2024-02-05,-0.1091,104.45,72.78,4.162,5.33,2.27,2042.9,2051.4
2024-02-06,-0.03448,104.21,73.31,4.09,5.33,2.24,2051.4,2051.7
2024-02-07,0.1362,104.06,73.86,4.115,5.33,2.23,2051.7,2047.9
2024-02-08,0.004455,104.17,76.22,4.158,5.33,2.24,2047.9,2038.7
2024-02-09,-0.1531866666666666,104.11,76.84,4.177,5.33,2.25,2038.7,2033.0
2024-02-12,-0.09945,104.17,76.92,4.179,5.33,2.24,2033.0,2007.2
2024-02-13,0.096,104.96,77.87,4.326,5.33,2.29,2007.2,2004.3
2024-02-14,0.17725,104.72,76.64,4.261,5.33,2.3,2004.3,2014.9
2024-02-15,0.3277,104.3,78.03,4.234,5.33,2.3,2014.9,2024.1
2024-02-16,-0.1012176470588235,104.3,79.19,4.281,5.33,2.33,2024.1,2039.8
2024-02-20,-0.0415846153846153,104.08,78.18,4.275,5.33,2.32,2039.8,2034.3
2024-02-21,0.0592777777777777,104.01,77.91,4.319,5.33,2.34,2034.3,2030.7
2024-02-22,0.0539833333333333,103.96,78.61,4.331,5.33,2.31,2030.7,2049.4
2024-02-23,0.1302055555555555,103.94,76.49,4.248,5.33,2.3,2049.4,2038.9
2024-02-26,0.0574,103.83,77.58,4.281,5.33,2.31,2038.9,2044.1
2024-02-27,0.0815692307692307,103.83,78.87,4.303,5.33,2.32,2044.1,2052.4
2024-02-28,0.1504772727272727,103.97,78.54,4.266,5.33,2.33,2052.4,2064.4
2024-02-29,-0.0853083333333333,104.16,78.26,4.254,5.33,2.33,2064.4,2105.5
2024-03-01,0.17897,103.86,79.97,4.186,5.33,2.32,2105.5,2136.2
2024-03-04,0.0771375,103.83,78.74,4.217,5.33,2.34,2136.2,2151.8
2024-03-05,0.0640849999999999,103.8,78.15,4.151,5.33,2.32,2151.8,2168.0
2024-03-06,0.13279375,103.37,79.13,4.108,5.33,2.3,2168.0,2175.0
2024-03-07,-0.0471058823529411,102.82,78.93,4.089,5.33,2.28,2175.0,2195.3
2024-03-08,0.0681866666666666,102.71,78.01,4.077,5.33,2.28,2195.3,2198.8
2024-03-11,-0.0095888888888888,102.87,77.93,4.098,5.33,2.27,2198.8,2176.5
2024-03-12,-0.0172466666666666,102.96,77.56,4.151,5.33,2.3,2176.5,2191.1
2024-03-13,-0.0117785714285714,102.79,79.72,4.188,5.33,2.3,2191.1,2177.8
2024-03-14,0.0468555555555555,103.36,81.26,4.292,5.33,2.3,2177.8,2171.6
2024-03-15,-0.1537111111111111,103.43,81.04,4.308,5.33,2.32,2171.6,2174.5
2024-03-18,-0.0354222222222222,103.59,82.72,4.328,5.33,2.31,2174.5,2169.8
2024-03-19,-0.2247444444444444,103.84,83.47,4.293,5.33,2.3,2169.8,2171.0
2024-03-20,-0.0038333333333333,103.41,81.68,4.277,5.33,2.31,2171.0,2195.0
2024-03-21,0.09255,104.0,81.07,4.269,5.33,2.34,2195.0,2170.2
2024-03-22,0.08463125,104.47,80.63,4.202,5.33,2.35,2170.2,2186.8
2024-03-25,-0.1061999999999999,104.24,81.95,4.249,5.33,2.33,2186.8,2187.8
2024-03-26,0.1896857142857143,104.29,81.62,4.238,5.33,2.32,2187.8,2212.7
2024-03-27,-0.0132733333333333,104.35,81.35,4.188,5.33,2.32,2212.7,2238.4
2024-03-28,0.1685833333333333,104.55,83.17,4.206,5.33,2.32,2238.4,2260.1000000000004
2024-04-01,0.2291714285714285,105.02,83.71,4.317,5.33,2.35,2257.1,2281.8
2024-04-02,-0.1263882352941176,104.82,85.15,4.353,5.33,2.36,2281.8,2315.0
2024-04-03,-0.0908714285714285,104.25,85.43,4.351,5.33,2.36,2315.0,2308.5
2024-04-04,0.0421444444444444,104.12,86.59,4.307,5.33,2.34,2308.5,2345.4
2024-04-05,-0.0091722222222222,104.3,86.91,4.4,5.33,2.37,2345.4,2351.0
2024-04-08,0.2106916666666666,104.14,86.43,4.422,5.33,2.38,2351.0,2362.4
2024-04-09,-0.2221,104.15,85.23,4.362,5.33,2.36,2362.4,2348.4
2024-04-10,-0.0400368421052631,105.25,86.21,4.546,5.33,2.4,2348.4,2372.7
2024-04-11,0.0530879999999999,105.28,85.02,4.584,5.33,2.4,2372.7,2374.1
2024-04-12,-0.0135869565217391,106.04,85.66,4.517,5.33,2.39,2374.1,2383.0
2024-04-15,0.0141944444444444,106.21,85.41,4.61,5.33,2.43,2383.0,2407.8
2024-04-16,0.1107555555555555,106.26,85.36,4.669,5.33,2.43,2407.8,2388.4
2024-04-17,-0.0750437499999999,105.95,82.69,4.589,5.33,2.39,2388.4,2398.0
2024-04-18,-0.0467071428571428,106.15,82.73,4.637,5.33,2.4,2398.0,2413.8
2024-04-19,-0.1040454545454545,106.15,83.14,4.623,5.33,2.41,2413.8,2346.4
2024-04-22,0.0562529411764705,106.08,82.85,4.61,5.33,2.41,2346.4,2342.1
2024-04-23,0.0795125,105.68,83.36,4.607,5.33,2.41,2342.1,2338.4
2024-04-24,0.1584833333333333,105.86,82.81,4.648,5.33,2.41,2338.4,2342.5
2024-04-25,0.13892,105.6,83.57,4.704,5.33,2.42,2342.5,2347.2
2024-04-26,0.0397,105.94,83.85,4.663,5.33,2.43,2347.2,2370.0
2024-04-29,-0.1254727272727273,105.58,82.63,4.611,5.33,2.41,2370.0,2313.4
2024-04-30,0.0118882352941176,106.22,81.93,4.682,5.33,2.41,2313.4,2321.5
2024-05-01,0.06535,105.75,79.0,4.641,5.33,2.38,2321.5,2320.0
2024-05-02,-0.0207166666666666,105.3,78.95,4.589,5.33,2.37,2320.0,2319.1
2024-05-03,0.3044615384615384,105.03,78.11,4.497,5.33,2.35,2319.1,2341.6
2024-05-06,0.2092076923076923,105.05,78.48,4.487,5.33,2.35,2341.6,2334.8
2024-05-07,0.1210142857142857,105.41,78.38,4.461,5.33,2.32,2334.8,2332.8
2024-05-08,-0.0462833333333333,105.55,78.99,4.5,5.33,2.31,2332.8,2350.9
2024-05-09,0.1982529411764705,105.23,79.26,4.459,5.33,2.32,2350.9,2385.6
2024-05-10,0.06243125,105.3,78.26,4.5,5.33,2.34,2385.6,2353.8
2024-05-13,0.0153866666666666,105.22,79.12,4.49,5.33,2.33,2353.8,2370.6
2024-05-14,0.0756076923076922,105.01,78.02,4.445,5.33,2.33,2370.6,2405.8
2024-05-15,-0.0025210526315789,104.35,78.63,4.344,5.33,2.31,2405.8,2396.4
2024-05-16,-0.0413571428571428,104.46,79.23,4.377,5.33,2.31,2396.4,2428.6
2024-05-17,0.1975157894736842,104.44,80.06,4.422,5.33,2.32,2428.6,2449.5
2024-05-20,0.0231857142857142,104.57,79.8,4.447,5.33,2.33,2449.5,2436.9
2024-05-21,0.0771,104.66,79.26,4.412,5.33,2.32,2436.9,2403.7
2024-05-22,-0.0198999999999999,104.93,77.57,4.426,5.33,2.33,2403.7,2348.2
2024-05-23,0.0502947368421052,105.11,76.87,4.479,5.33,2.3,2348.2,2345.4
2024-05-24,-0.0109363636363636,104.72,77.72,4.467,5.33,2.32,2345.4,2356.5
2024-05-28,0.1762916666666666,104.61,79.83,4.548,5.33,2.34,2367.3,2352.0
2024-05-29,-0.0689285714285714,105.1,79.23,4.616,5.33,2.36,2352.0,2366.5
2024-05-30,-0.04193125,104.72,77.91,4.55,5.33,2.36,2366.5,2345.8
2024-05-31,0.1359071428571428,104.67,76.99,4.503,5.33,2.35,2345.8,2369.3
2024-06-03,0.0896571428571428,104.14,74.22,4.392,5.33,2.33,2369.3,2347.4
2024-06-04,0.13664,104.11,73.25,4.33,5.33,2.31,2347.4,2375.5
2024-06-05,0.0720588235294117,104.27,74.07,4.277,5.33,2.3,2375.5,2390.9
2024-06-06,-0.0592166666666666,104.1,75.55,4.287,5.33,2.28,2390.9,2325.0
2024-06-07,0.0243307692307692,104.89,75.53,4.433,5.33,2.3,2325.0,2327.0
2024-06-10,0.0701076923076923,105.15,77.74,4.471,5.33,2.31,2327.0,2326.6
2024-06-11,0.0892363636363636,105.23,77.9,4.402,5.33,2.27,2326.6,2354.8
2024-06-12,0.1761428571428571,104.64,78.5,4.318,5.33,2.22,2354.8,2318.0
2024-06-13,0.0651266666666666,105.2,78.62,4.248,5.33,2.21,2318.0,2349.1
2024-06-14,0.0059687499999999,105.55,78.45,4.221,5.33,2.17,2349.1,2329.0
2024-06-17,-0.0317166666666666,105.32,80.33,4.285,5.33,2.22,2329.0,2346.9
2024-06-18,0.2300538461538461,105.26,81.57,4.219,5.33,2.21,2346.9,2339.05
2024-06-20,0.04472,105.59,82.17,4.261,5.33,2.25,2369.0,2331.2
2024-06-21,0.0120642857142857,105.8,80.73,4.257,5.33,2.23,2331.2,2344.4
2024-06-24,0.0637222222222222,105.47,81.63,4.234,5.33,2.22,2344.4,2330.8
2024-06-25,0.2062538461538461,105.61,80.83,4.248,5.33,2.22,2330.8,2313.2
2024-06-26,0.1177125,106.05,80.9,4.329,5.33,2.26,2313.2,2348.7
2024-06-27,-0.0797833333333333,105.91,81.74,4.286,5.33,2.26,2348.7,2350.9
2024-06-28,0.0236619047619047,105.87,81.54,4.392,5.33,2.28,2350.9,2350.8
2024-07-01,-0.0894583333333333,105.9,83.38,4.471,5.33,2.32,2350.8,2345.6
2024-07-02,-0.06624,105.72,82.81,4.438,5.33,2.3,2345.6,2381.9
2024-07-03,0.1257466666666666,105.4,83.88,4.355,5.33,2.27,2381.9,2379.05
2024-07-05,0.0206666666666666,104.88,83.16,4.278,5.33,2.28,2410.2,2376.2
2024-07-08,0.0967,105.0,82.33,4.28,5.33,2.27,2376.2,2380.5
2024-07-09,0.0816333333333333,105.13,81.41,4.298,5.33,2.26,2380.5,2392.5
2024-07-10,0.0168083333333333,105.05,82.1,4.282,5.33,2.27,2392.5,2434.9
2024-07-11,0.05266875,104.44,82.62,4.212,5.33,2.25,2434.9,2433.8
2024-07-12,-0.1319307692307692,104.09,82.21,4.187,5.33,2.24,2433.8,2442.1
2024-07-15,-0.0083933333333333,104.19,81.91,4.231,5.33,2.27,2442.1,2481.0
2024-07-16,0.0846117647058823,104.27,80.76,4.16,5.33,2.26,2481.0,2473.2
2024-07-17,0.1174807692307692,103.75,82.85,4.16,5.33,2.26,2473.2,2469.8
2024-07-18,0.14672,104.17,82.82,4.202,5.33,2.31,2469.8,2412.2
2024-07-19,0.0620099999999999,104.4,80.13,4.243,5.33,2.32,2412.2,2407.7
2024-07-22,-0.1182923076923076,104.31,79.78,4.254,5.33,2.3,2407.7,2420.2
2024-07-23,0.1429958333333333,104.45,76.96,4.254,5.33,2.29,2420.2,2428.7
2024-07-24,-0.076895652173913,104.39,77.59,4.286,5.33,2.28,2428.7,2366.1
2024-07-25,0.0037799999999999,104.36,78.28,4.245,5.33,2.28,2366.1,2393.7
2024-07-26,0.14714,104.32,77.16,4.194,5.33,2.27,2393.7,2390.7
2024-07-29,0.0906,104.56,75.81,4.172,5.33,2.25,2390.7,2428.4
2024-07-30,0.16595625,104.55,74.73,4.141,5.33,2.25,2428.4,2449.3
2024-07-31,0.079284,104.1,77.91,4.033,5.33,2.24,2449.3,2457.1
2024-08-01,0.182165,104.42,76.31,3.982,5.33,2.2,2457.1,2447.3
2024-08-02,0.0139722222222222,103.21,73.52,3.792,5.33,2.04,2447.3,2422.6
2024-08-05,0.1035454545454545,102.69,72.94,3.779,5.33,2.07,2422.6,2409.3
2024-08-06,-0.1155235294117647,102.97,73.2,3.901,5.33,2.12,2409.3,2410.3
2024-08-07,-0.0191291666666666,103.2,75.23,3.953,5.33,2.11,2410.3,2440.8
2024-08-08,0.2217941176470588,103.21,76.19,3.99,5.33,2.12,2440.8,2450.4
2024-08-09,0.0571916666666666,103.14,76.84,3.94,5.33,2.1,2450.4,2480.8
2024-08-12,-0.0972249999999999,103.14,80.06,3.907,5.33,2.11,2480.8,2484.9
2024-08-13,0.0161999999999999,102.56,78.35,3.846,5.33,2.09,2484.9,2457.1
2024-08-14,-0.1516266666666666,102.57,76.98,3.839,5.33,2.06,2457.1,2469.4
2024-08-15,0.0772866666666666,102.98,78.16,3.919,5.33,2.12,2469.4,2514.5
2024-08-16,-0.0707473684210526,102.46,76.65,3.883,5.33,2.08,2514.5,2518.1
2024-08-19,0.0626,101.89,74.37,3.875,5.33,2.07,2518.1,2527.4
2024-08-20,-0.0638624999999999,101.44,74.04,3.81,5.33,2.07,2527.4,2524.1
2024-08-21,0.0039142857142857,101.04,71.93,3.799,5.33,2.07,2524.1,2493.5
2024-08-22,-0.0549,101.51,73.01,3.858,5.33,2.1,2493.5,2522.6
2024-08-23,0.10175,100.72,74.83,3.795,5.33,2.13,2522.6,2531.4
2024-08-26,0.03973,100.85,77.42,3.82,5.33,2.15,2531.4,2529.3
2024-08-27,-0.0974692307692307,100.55,75.53,3.829,5.33,2.15,2529.3,2514.3
2024-08-28,-0.0092499999999999,101.09,74.52,3.839,5.33,2.15,2514.3,2547.7
2024-08-29,0.0013266666666666,101.34,75.91,3.863,5.33,2.16,2547.7,2516.0
2024-08-30,0.0586541666666666,101.7,73.55,3.909,5.33,2.15,2516.0,2515.2
2024-09-03,-0.0308416666666666,101.82,70.34,3.831,5.33,2.11,2511.4,2514.4
2024-09-04,-0.177,101.36,69.2,3.757,5.33,2.07,2514.4,2531.6
2024-09-05,-0.0414954545454545,101.11,69.15,3.725,5.33,2.03,2531.6,2513.2
2024-09-06,0.125515,101.18,67.67,3.716,5.33,2.03,2513.2,2521.3
2024-09-09,0.0312944444444444,101.55,68.71,3.702,5.33,2.04,2521.3,2531.6
2024-09-10,-0.03718125,101.63,65.75,3.64,5.33,2.02,2531.6,2530.9
2024-09-11,-0.0599954545454545,101.68,67.31,3.661,5.33,2.04,2530.9,2569.1
2024-09-12,0.1024478260869565,101.37,68.97,3.68,5.33,2.05,2569.1,2599.1
2024-09-13,0.017395,101.11,68.65,3.657,5.33,2.08,2599.1,2597.3
2024-09-16,-0.076468,100.76,70.09,3.618,5.33,2.09,2597.3,2580.8
2024-09-17,-0.1026863636363636,100.89,71.19,3.648,5.33,2.12,2580.8,2587.0
2024-09-18,-0.1426323529411764,100.6,70.91,3.713,5.33,2.12,2587.0,2602.9
