date,sentiment_score,gold_price,gold_price_after_1_day
2015-01-02,-0.4019,1186.2,1204.0
2015-01-05,0.4404,1204.0,1219.4
2015-01-07,-0.5106,1210.7,1208.5
2015-01-09,0.0,1216.1,1232.8
2015-01-12,0.0,1232.8,1234.4
2015-01-16,0.0,1276.9,1294.2
2015-01-19,-0.5106,1294.2,1297.45
2015-01-21,-0.6249,1293.7,1300.7
2015-01-23,0.7351,1292.6,1279.4
2015-01-27,0.0,1291.7,1285.9
2015-01-29,0.3981,1255.9,1279.2
2015-01-30,0.5106,1279.2,1276.9
2015-02-02,0.3818,1276.9,1260.3
2015-02-03,-0.25,1260.3,1264.5
2015-02-04,-0.69245,1264.5,1262.7
2015-02-05,-0.8402,1262.7,1234.6
2015-02-06,-0.25,1234.6,1241.5
2015-02-10,0.15595,1232.2,1219.6
2015-02-11,-0.2553,1219.6,1220.7
2015-02-12,0.0,1220.7,1227.1
2015-02-18,0.1366,1200.2,1207.6
2015-02-23,0.0,1200.8,1197.3
2015-02-27,0.29235,1213.1,1208.2
2015-03-02,0.125,1208.2,1204.4
2015-03-03,0.2023,1204.4,1200.9
2015-03-06,0.0,1164.3,1166.5
2015-03-16,0.0,1153.2,1148.2
2015-03-20,0.31245,1184.6,1187.7
2015-03-24,0.46655,1191.4,1197.0
2015-03-25,0.0,1197.0,1204.8
2015-03-26,0.20095,1204.8,1199.8
2015-03-27,0.2023,1199.8,1185.3
2015-03-30,-0.148,1185.3,1183.2
2015-03-31,0.4404,1183.2,1208.2
2015-04-07,-0.07655,1210.6,1203.1
2015-04-13,0.0,1199.3,1192.6
2015-04-16,-0.4549,1198.0,1203.1
2015-04-24,0.0,1175.0,1203.2
2015-04-27,-0.6908,1203.2,1213.9
2015-04-28,0.3818,1213.9,1210.0
2015-04-29,0.1027,1210.0,1182.4
2015-05-04,0.0,1186.8,1193.2
2015-05-05,-0.36605,1193.2,1190.3
2015-05-08,-0.6428,1188.9,1183.0
2015-05-12,-0.765,1192.4,1218.2
2015-05-14,0.0,1225.2,1225.3
2015-05-15,0.0,1225.3,1227.6
2015-05-18,-0.34,1227.6,1206.7
2015-05-21,0.5267,1204.1,1204.0
2015-05-22,0.0,1204.0,1186.9
2015-05-29,0.5267,1189.8,1188.7
2015-06-08,0.1027,1173.6,1177.6
2015-06-09,0.7579,1177.6,1186.6
2015-06-10,0.0,1186.6,1180.4
2015-06-11,0.34,1180.4,1179.2
2015-06-15,0.128,1185.8,1180.9
2015-06-16,0.0516,1180.9,1176.8
2015-06-24,0.0,1172.9,1171.8
2015-07-02,0.0,1163.5,1173.2
2015-07-03,0.0,1173.2,1166.2
2015-07-08,0.0,1163.5,1159.2
2015-07-10,0.0,1157.9,1155.4
2015-07-13,0.0258,1155.4,1153.5
2015-07-14,-0.765,1153.5,1147.4
2015-07-16,-0.296,1143.9,1131.9
2015-07-20,-0.2732,1106.8,1103.5
2015-07-23,-0.27625,1094.1,1085.5
2015-07-28,-0.1531,1096.2,1092.6
2015-07-31,0.0,1095.1,1089.4
2015-08-07,0.0,1094.1,1104.1
2015-08-10,0.0,1104.1,1107.7
2015-08-12,0.4019,1123.6,1115.6
2015-08-13,-0.4939,1115.6,1112.7
2015-08-14,0.0,1112.7,1118.4
2015-08-17,0.0,1118.4,1116.9
2015-08-18,0.0,1116.9,1127.9
2015-08-20,0.0,1153.2,1159.6
2015-08-21,0.0,1159.6,1153.6
2015-08-25,-0.2997,1138.3,1124.6
2015-08-26,-0.27475,1124.6,1122.6
2015-09-04,-0.6369,1121.4,1121.0
2015-09-10,0.0,1109.3,1103.3
2015-09-15,0.0,1102.6,1119.0
2015-09-16,0.0,1119.0,1117.0
2015-10-08,0.4767,1144.3,1155.9
2015-10-15,0.0,1187.5,1183.1
2015-10-20,0.0,1177.5,1167.1
2015-10-22,-0.4404,1166.1,1162.8
2015-10-23,0.0,1162.8,1166.2
2015-10-28,0.5106,1176.1,1147.3
2015-11-03,0.0,1114.1,1106.2
2015-11-16,0.0,1083.6,1068.6
2015-11-20,-0.1591,1076.3,1066.8
2015-11-23,-0.5267,1066.8,1073.8
2015-11-24,0.0,1073.8,1070.0
2015-11-26,-0.2263,1056.2,1066.75
2015-11-30,0.20095,1065.3,1063.5
2015-12-01,-0.7096,1063.5,1053.8
2015-12-02,0.6124,1053.8,1061.2
2015-12-07,0.0,1075.2,1075.3
2015-12-14,0.0,1063.4,1061.6
2015-12-16,0.4588,1076.8,1049.6
2015-12-21,0.0,1080.6,1074.1
2015-12-31,-0.31245,1060.2,1076.25
2016-01-04,0.0801,1075.2,1078.4
2016-01-05,0.1664,1078.4,1091.9
2016-01-06,0.1077,1091.9,1107.8
2016-01-07,0.1339666666666666,1107.8,1097.9
2016-01-11,0.0,1096.2,1085.2
2016-01-15,0.190875,1090.7,1089.1
2016-01-21,-0.0839999999999999,1098.2,1096.3
2016-01-22,-0.5106,1096.3,1105.3
2016-01-26,0.1427999999999999,1120.2,1115.8
2016-02-04,0.2294,1157.5,1157.7
2016-02-05,-0.2326333333333333,1157.7,1197.9
2016-02-12,-0.5994,1239.4,1208.2
2016-02-19,0.0,1230.8,1210.1
2016-02-25,0.0,1238.8,1220.4
2016-02-29,0.0,1234.4,1230.8
2016-03-07,0.0,1264.0,1262.9
2016-03-10,0.0161666666666666,1272.8,1259.4
2016-03-15,0.0,1231.0,1229.8
2016-03-16,0.0,1229.8,1265.0
2016-03-17,-0.0966499999999999,1265.0,1254.3
2016-03-22,0.0,1248.6,1224.0
2016-03-24,-0.5574,1221.6,1226.3
2016-03-29,0.2553,1235.8,1228.6
2016-03-31,-0.296,1235.6,1223.5
2016-04-01,-0.28595,1223.5,1219.3
2016-04-06,0.10115,1223.8,1237.5
2016-04-07,0.0,1237.5,1243.8
2016-04-08,0.0,1243.8,1258.0
2016-04-12,0.064,1260.9,1248.3
2016-04-15,-0.1806,1234.6,1235.0
2016-04-20,0.4588,1254.4,1250.3
2016-04-22,-0.2294,1230.0,1240.2
2016-04-28,0.00645,1266.4,1290.5
2016-04-29,0.4019,1290.5,1295.8
2016-05-05,0.35645,1272.3,1294.0
2016-05-06,0.0,1294.0,1266.6
2016-05-10,0.5719,1264.8,1275.5
2016-05-18,0.0,1274.4,1254.8
2016-05-19,0.296,1254.8,1252.9
2016-05-20,0.0,1252.9,1251.5
2016-05-25,0.0,1223.8,1220.4
2016-06-03,0.0,1242.9,1247.4
2016-06-06,0.0,1247.4,1247.0
2016-06-14,0.0,1288.1,1288.3
2016-06-16,-0.4767,1298.4,1294.8
2016-06-17,0.5574,1294.8,1292.1
2016-06-23,0.0,1263.1,1322.4
2016-06-28,0.0,1317.9,1326.9
2016-07-11,-0.1806,1356.6,1335.3
2016-07-12,0.5267,1335.3,1343.6
2016-07-15,0.10115,1327.4,1329.3
2016-07-20,-0.4767,1319.3,1331.0
2016-07-22,0.0,1323.4,1319.5
2016-07-25,0.0,1319.5,1320.8
2016-07-29,0.1027,1357.5,1359.6
2016-08-03,-0.2732,1364.7,1367.4
2016-08-08,0.0,1341.3,1346.7
2016-08-15,-0.34,1347.5,1356.9
2016-08-17,0.17,1348.8,1357.2
2016-08-19,0.0,1346.2,1343.4
2016-08-22,0.46295,1343.4,1346.1
2016-08-29,-0.4939,1327.1,1316.5
2016-08-30,0.0,1316.5,1311.4
2016-09-14,0.0,1326.1,1318.0
2016-09-22,0.0,1344.7,1341.7
2016-09-23,0.8957,1341.7,1344.1
2016-09-27,0.24695,1330.4,1323.7
2016-09-29,0.0,1326.0,1317.1
2016-09-30,0.0,1317.1,1312.7
2016-10-05,0.48385,1268.6,1253.0
2016-10-07,0.0,1251.9,1260.4
2016-10-10,-0.1909,1260.4,1255.9
2016-10-11,0.1187,1255.9,1253.8
2016-10-21,0.2023,1267.7,1263.7
2016-10-28,0.0,1276.8,1273.1
2016-11-02,-0.1646,1308.2,1303.3
2016-11-03,0.11315,1303.3,1304.5
2016-11-07,0.128,1279.4,1274.5
2016-11-08,0.0,1274.5,1273.5
2016-11-09,-0.1523,1273.5,1266.4
2016-11-11,0.0,1224.3,1221.7
2016-11-16,-0.2732,1223.9,1216.9
2016-11-17,-0.1223499999999999,1216.9,1208.7
2016-11-18,0.0,1208.7,1209.8
2016-11-24,0.0,1178.4,1191.85
2016-11-29,0.128,1190.8,1173.9
2016-12-01,0.0,1169.4,1177.8
2016-12-05,0.0,1176.5,1170.1
2016-12-06,0.0,1170.1,1177.5
2016-12-07,-0.2732,1177.5,1172.4
2016-12-09,0.0,1161.9,1165.8
2016-12-12,0.0,1165.8,1159.0
2016-12-20,-0.1531,1133.6,1133.2
2017-01-05,-0.4404,1181.3,1173.4
2017-01-09,0.6808,1184.9,1185.5
2017-01-10,0.1326,1185.5,1196.6
2017-01-13,0.0,1196.2,1212.9
2017-01-16,-0.0535,1212.9,1207.2
2017-01-18,0.5106,1212.1,1201.5
2017-01-23,-0.29295,1215.6,1210.8
2017-01-24,0.0,1210.8,1197.8
2017-01-25,0.1909,1197.8,1189.8
2017-01-27,0.0,1188.4,1196.0
2017-01-30,-0.6124,1196.0,1211.4
2017-01-31,0.13255,1211.4,1208.3
2017-02-03,-0.2732,1220.8,1232.1
2017-02-06,-0.0857,1232.1,1236.1
2017-02-07,0.0,1236.1,1239.5
2017-02-13,0.2023,1225.8,1225.4
2017-02-15,-0.34,1233.1,1241.6
2017-02-17,0.0,1239.1,1238.9
2017-02-24,-0.0287666666666666,1258.3,1258.8
2017-02-27,0.26335,1258.8,1253.9
2017-02-28,-0.5719,1253.9,1250.0
2017-03-02,0.34,1232.9,1226.5
2017-03-03,0.0,1226.5,1225.5
2017-03-06,-0.0229999999999999,1225.5,1216.1
2017-03-07,0.5106,1216.1,1209.4
2017-03-09,0.0,1203.2,1201.4
2017-03-10,0.5859,1201.4,1203.1
2017-03-14,0.0,1202.6,1200.7
2017-03-15,0.0,1200.7,1227.1
2017-03-16,0.1389333333333333,1227.1,1230.2
2017-03-17,-0.189,1230.2,1234.0
2017-03-20,0.0,1234.0,1246.5
2017-03-21,0.07415,1246.5,1249.7
2017-03-29,0.0,1253.7,1248.0
2017-04-07,0.02775,1257.3,1253.9
2017-04-21,-0.2732,1289.1,1277.5
2017-04-24,0.0,1277.5,1270.6
2017-05-09,-0.5028,1219.6,1222.4
2017-05-11,-0.4019,1227.7,1231.1
2017-05-15,-0.3182,1233.4,1239.7
2017-05-16,0.0,1239.7,1262.0
2017-05-17,0.2023,1262.0,1256.1
2017-05-19,-0.0258,1256.8,1264.8
2017-05-22,-0.4404,1264.8,1258.9
2017-05-30,0.34,1269.3,1279.0
2017-06-05,-0.2649666666666666,1286.3,1301.1
2017-06-06,0.0086,1301.1,1293.2
2017-06-07,0.2511666666666667,1293.2,1279.5
2017-06-13,0.0,1268.6,1275.9
2017-06-15,0.34,1254.6,1256.5
2017-06-19,0.2584,1246.7,1243.5
2017-06-22,0.0861333333333333,1249.4,1256.4
2017-06-29,-0.2732,1247.6,1244.1
2017-07-10,-0.4588,1214.9,1216.4
2017-07-13,0.0,1218.9,1229.1
2017-08-08,0.4215,1259.3,1276.0
2017-08-14,-0.1243999999999999,1287.0,1276.3
2017-08-15,0.0,1276.3,1279.5
2017-08-18,-0.18795,1288.3,1293.3
2017-08-21,-0.4116999999999999,1293.3,1287.6
2017-08-25,0.0,1294.5,1311.8
2017-08-29,-0.4019,1315.3,1312.3
2017-08-31,-0.296,1320.4,1328.5
2017-09-01,0.4019,1328.5,1344.5
2017-09-06,-0.4404,1337.1,1348.4
2017-09-07,-0.7184,1348.4,1349.1
2017-09-08,0.0,1349.1,1333.2
2017-09-11,-0.6124,1333.2,1330.5
2017-09-12,0.0966499999999999,1330.5,1325.6
2017-09-14,0.20095,1326.9,1322.9
2017-09-18,0.0,1308.3,1308.2
2017-10-02,0.2023,1275.8,1274.6
2017-10-04,0.0,1276.8,1273.2
2017-10-05,0.34,1273.2,1274.9
2017-10-12,0.0,1296.5,1304.6
2017-10-17,0.5106,1286.2,1283.0
2017-10-18,0.0,1283.0,1290.0
2017-10-19,-0.296,1290.0,1280.5
2017-10-23,-0.296,1280.9,1278.3
2017-10-27,0.3875,1271.8,1279.8
2017-10-30,0.09,1279.8,1272.4
2017-11-01,0.2732,1279.2,1279.8
2017-11-03,0.0,1270.8,1283.3
2017-11-07,0.0,1277.5,1285.4
2017-11-10,0.1531,1275.9,1280.6
2017-11-13,-0.7227,1280.6,1284.6
2017-11-17,-0.23565,1298.2,1277.1
2017-11-20,0.0,1277.1,1283.5
2017-11-21,0.3612,1283.5,1294.1
2017-12-04,0.0,1277.7,1264.9
2017-12-06,0.0,1266.1,1253.1
2017-12-08,0.0,1248.4,1246.9
2017-12-12,-0.3919,1241.7,1248.6
2017-12-13,0.0258,1248.6,1257.1
2017-12-15,-0.0516,1257.5,1265.5
2017-12-18,0.6757,1265.5,1264.2
2017-12-20,0.0,1269.6,1270.6
2017-12-26,-0.5267,1287.5,1291.4
2017-12-28,-0.6908,1299.5,1311.4
2017-12-29,-0.8591,1311.4,1316.1
2018-01-02,-0.6124,1318.3,1320.8
2018-01-09,-0.2023,1315.9,1321.6
2018-01-10,-0.4588,1321.6,1324.7
2018-01-16,0.0258,1339.3,1341.4
2018-01-18,-0.5423,1329.5,1335.3
2018-01-19,0.0,1335.3,1334.3
2018-01-22,0.0,1334.3,1339.0
2018-01-25,0.0,1365.2,1354.4
2018-01-26,0.128,1354.4,1342.2
2018-02-08,0.2732,1319.0,1315.7
2018-02-19,0.0,1331.2,1331.2
2018-02-20,0.2023,1331.2,1332.1
2018-02-23,0.2732,1330.3,1332.8
2018-03-05,0.2037999999999999,1322.6,1337.9
2018-03-09,0.0999,1326.7,1323.5
2018-03-19,0.0833333333333333,1320.3,1314.5
2018-03-21,0.0,1324.0,1329.8
2018-03-28,0.7783,1330.0,1327.3
2018-03-29,0.0,1327.3,1332.3
2018-04-02,0.0516,1346.9,1337.3
2018-04-10,0.3182,1345.9,1360.0
2018-04-11,-0.1779,1360.0,1341.9
2018-04-13,-0.32735,1347.9,1350.7
2018-04-16,0.0061,1350.7,1349.5
2018-05-17,-0.3427,1292.4,1294.1
2018-05-24,0.0,1307.3,1306.4
2018-05-30,0.6808,1306.5,1304.7
2018-06-11,0.4215,1303.2,1299.4
2018-06-12,0.0,1299.4,1301.3
2018-06-13,-0.0593666666666666,1301.3,1308.3
2018-06-14,0.0,1308.3,1278.5
2018-06-15,-0.1909,1278.5,1280.1
2018-06-19,-0.3947,1278.6,1274.5
2018-06-27,-0.2732,1256.1,1253.8
2018-06-29,0.0,1257.3,1244.6
2018-07-03,-0.7414,1256.4,1258.8
2018-07-04,0.0,1258.8,1261.7
2018-07-05,0.4404,1261.7,1258.9
2018-07-12,-0.1192666666666666,1249.1,1243.8
2018-07-16,-0.4767,1242.2,1229.9
2018-07-19,0.0,1226.5,1233.6
2018-07-20,-0.1779,1233.6,1228.0
2018-07-23,0.0,1228.0,1228.2
2018-08-10,-0.296,1214.2,1194.2
2018-08-17,0.148,1179.8,1190.2
2018-08-23,-0.0258,1189.3,1208.6
2018-08-29,0.2263,1206.5,1202.5
2018-09-05,0.0,1198.8,1201.7
2018-09-07,0.0258,1197.8,1197.2
2018-09-10,0.7506,1197.2,1199.5
2018-09-17,-0.5719,1203.4,1200.7
2018-09-19,-0.4215,1206.1,1208.9
2018-09-21,0.0,1198.6,1201.7
2018-09-24,-0.2732,1201.7,1202.5
2018-09-26,0.0,1196.9,1187.4
2018-09-28,0.4404,1196.2,1191.7
2018-10-05,0.5267,1205.6,1188.6
2018-10-11,-0.3818,1227.6,1222.0
2018-10-15,0.0,1230.3,1231.0
2018-10-17,0.5859,1227.4,1230.1
2018-10-19,0.2732,1228.7,1224.6
2018-10-23,-0.296,1236.8,1231.1
2018-10-26,0.0,1235.8,1227.6
2018-11-06,-0.34,1230.5,1233.1
2018-11-07,0.1027,1233.1,1229.3
2018-11-13,0.0,1205.1,1213.8
2018-11-14,0.4939,1213.8,1218.6
2018-11-16,0.7351,1226.4,1228.6
2018-12-03,0.0,1239.6,1246.6
2018-12-21,0.0,1258.1,1271.8
2018-12-31,0.1779,1284.5,1285.1
2019-01-02,0.34,1287.3,1298.4
2019-01-03,-0.743,1298.4,1289.2
2019-01-14,0.0,1294.7,1291.4
2019-01-25,0.0,1300.7,1305.9
2019-02-11,0.0,1311.9,1314.0
2019-02-19,-0.7003,1344.8,1347.9
2019-02-25,0.2933,1329.5,1328.5
2019-03-04,0.0,1290.5,1287.8
2019-03-07,-0.5423,1289.4,1302.7
2019-03-11,0.0,1294.3,1301.2
2019-03-20,-0.1531,1304.7,1310.6
2019-04-01,0.0,1294.2,1295.4
2019-04-04,0.0,1294.3,1295.6
2019-04-05,-0.4015,1295.6,1301.9
2019-04-08,-0.2023,1301.9,1308.3
2019-04-09,-0.1027,1308.3,1313.9
2019-04-11,0.4019,1293.3,1295.2
2019-04-22,0.10115,1277.6,1273.2
2019-04-29,-0.2023,1284.5,1288.6
2019-04-30,-0.652,1288.6,1287.2
2019-05-01,0.0,1287.2,1275.0
2019-05-02,0.0,1275.0,1284.3
2019-05-03,0.3818,1284.3,1286.9
2019-05-06,0.0,1286.9,1288.6
2019-05-15,-0.2732,1300.5,1289.4
2019-05-20,-0.25,1280.3,1276.2
2019-05-28,0.0,1280.1,1283.7
2019-05-29,-0.34,1283.7,1292.4
2019-06-03,-0.5287,1327.9,1328.7
2019-06-10,-0.23835,1329.3,1331.2
2019-06-11,0.0,1331.2,1336.8
2019-06-12,0.0,1336.8,1343.7
2019-06-13,-0.16945,1343.7,1344.5
2019-06-14,-0.7543,1344.5,1342.9
2019-06-17,-0.4019,1342.9,1350.7
2019-06-18,-0.7717,1350.7,1348.8
2019-06-21,-0.4697,1400.1,1418.2
2019-06-26,0.0,1415.4,1414.9
2019-06-28,-0.2732,1416.7,1392.4
2019-07-11,-0.4215,1410.0,1415.9
2019-07-12,-0.5994,1415.9,1417.3
2019-07-15,0.0,1417.3,1415.0
2019-07-16,0.0,1415.0,1427.2
2019-07-23,-0.38915,1425.5,1427.4
2019-07-24,-0.0068,1427.4,1418.0
2019-07-25,-0.0258,1418.0,1423.5
2019-08-07,-0.8271,1513.2,1503.1
2019-08-09,0.3071,1502.0,1510.9
2019-08-12,-0.2023,1510.9,1507.9
2019-08-13,0.0,1507.9,1521.6
2019-08-19,0.5106,1505.5,1509.7
2019-08-23,-0.4215,1531.4,1530.9
2019-08-26,-0.5994,1530.9,1545.6
2019-09-16,-0.37494,1508.7,1510.8
2019-09-17,0.0249999999999999,1510.8,1513.0
2019-09-20,-0.2398,1512.0,1527.8
2019-09-25,0.0,1508.9,1511.7
2019-09-26,0.3804,1511.7,1506.4
2019-09-27,0.0,1506.4,1472.9
2019-09-30,0.00945,1472.9,1489.0
2019-10-01,0.0,1489.0,1507.9
2019-10-09,0.0,1512.8,1500.9
2019-10-10,0.0,1500.9,1488.7
2019-10-11,0.4588,1488.7,1497.6
2019-10-14,0.6369,1497.6,1483.5
2019-10-23,-0.2732,1495.7,1504.7
2019-11-01,-0.4588,1514.9,1514.7
2019-11-06,0.0,1496.8,1469.9
2019-11-12,0.0,1457.2,1466.8
2019-11-13,0.0,1466.8,1476.9
2019-11-15,0.4215,1472.0,1475.4
2019-11-22,-0.0986666666666666,1467.3,1460.5
2019-11-25,-0.34,1460.5,1464.4
2019-11-28,-0.6249,1472.7,1472.7
2019-11-29,-0.6249,1472.7,1469.2
2019-12-11,-0.2182,1475.0,1472.3
2019-12-20,0.5499,1480.9,1488.7
2019-12-24,-0.3318,1504.8,1505.15
2019-12-27,0.14845,1518.1,1521.6
2020-01-03,-0.20095,1555.5,1572.0
2020-01-06,-0.3425,1572.0,1577.6
2020-01-07,0.0572999999999999,1577.6,1563.8
2020-01-08,0.0,1563.8,1557.8
2020-01-09,-0.5581999999999999,1557.8,1563.6
2020-01-10,0.15445,1563.6,1553.7
2020-01-23,-0.4588,1568.8,1575.2
2020-01-24,0.0,1575.2,1580.6
2020-01-30,0.07535,1589.2,1587.9
2020-02-06,-0.5256,1570.0,1573.4
2020-02-14,0.0,1586.4,1603.6
2020-02-18,0.34,1603.6,1611.8
2020-02-21,0.0,1648.8,1676.6
2020-02-28,0.16455,1569.3,1597.1
2020-03-03,-0.148,1646.6,1645.2
2020-03-04,0.0,1645.2,1670.0
2020-03-09,0.10205,1677.4,1662.0
2020-03-11,0.4019,1644.1,1592.1
2020-03-17,0.0,1527.2,1479.4
2020-03-18,0.0,1479.4,1481.3
2020-03-19,0.0,1481.3,1486.5
2020-03-27,-0.1531,1641.3,1643.2
2020-04-03,0.0,1645.7,1693.9
2020-04-13,-0.4404,1761.4,1768.9
2020-04-14,-0.6597,1768.9,1740.2
2020-04-30,-0.0772,1697.1,1704.4
2020-05-01,0.2732,1704.4,1717.2
2020-05-12,-0.1591,1713.4,1721.6
2020-05-18,0.743,1739.6,1751.6
2020-05-19,-0.3612,1751.6,1758.7
2020-05-21,-0.1531,1729.2,1744.3
2020-05-22,0.5267,1744.3,1705.6
2020-05-27,-0.7717,1719.1,1728.3
2020-06-01,-0.7783,1750.3,1734.0
2020-06-18,0.0,1731.1,1753.0
2020-07-22,-0.6249,1869.9,1894.8
2020-07-27,0.0,1936.2,1949.9
2020-09-11,-0.5994,1943.3,1958.8
2020-09-22,-0.4215,1903.4,1864.5
2020-09-23,-0.4215,1864.5,1873.0
2020-09-25,0.0,1862.2,1877.6
2020-10-12,0.0,1928.9,1894.6
2020-10-15,0.1027,1908.9,1906.4
2020-10-23,0.0,1905.2,1905.7
2020-11-04,-0.3182,1899.7,1950.2
2020-11-25,-0.2732,1808.8,1788.1
2020-12-02,-0.3182,1830.2,1841.1
2020-12-04,-0.1531,1840.0,1866.0
2020-12-08,0.0,1874.9,1838.5
2020-12-23,-0.2732,1878.1,1883.2
2020-12-24,0.0,1883.2,1890.25
2020-12-30,0.4767,1895.6,1897.3
2020-12-31,0.5875,1897.3,1864.5
2021-01-14,0.6705,1853.3,1831.7
2021-01-22,0.0,1857.9,1856.9
2021-01-25,0.0,1856.9,1852.8
2021-02-09,0.3818,1837.5,1842.7
2021-02-11,0.0,1826.8,1823.2
2021-02-18,-0.34,1775.0,1777.4
2021-03-04,0.0,1702.4,1700.3
2021-03-08,0.0,1679.6,1718.5
2021-03-11,0.34,1723.9,1721.2
2021-03-15,0.7506,1730.6,1732.2
2021-03-18,0.0,1733.7,1742.9
2021-04-06,-0.3818,1743.0,1741.6
2021-04-07,-0.296,1741.6,1758.2
2021-04-14,0.6369,1736.3,1766.8
2021-04-15,0.5719,1766.8,1780.2
2021-04-16,-0.1531,1780.2,1770.6
2021-04-19,0.1779,1770.6,1778.4
2021-04-20,0.5106,1778.4,1793.1
2021-05-05,0.0,1785.3,1816.7
2021-05-12,-0.539,1823.7,1825.0
2021-05-18,0.1779,1869.0,1882.3
2021-05-24,0.6124,1885.5,1899.0
2021-05-26,-0.357,1902.3,1898.5
2021-06-01,-0.0772,1905.0,1909.9
2021-06-04,0.3612,1892.0,1898.8
2021-06-21,0.3612,1782.9,1777.4
2021-06-23,0.0,1783.4,1776.7
2021-07-13,0.4588,1810.8,1825.9
2021-07-29,-0.0644,1833.2,1814.5
2021-08-03,-0.296,1811.7,1812.2
2021-08-10,0.0,1729.7,1751.2
2021-08-18,0.0,1782.3,1780.9
2021-09-01,0.0,1814.9,1810.4
2021-09-14,-0.296,1806.1,1793.7
2021-09-23,0.0,1748.9,1750.9
2021-10-05,-0.0417,1760.9,1761.8
2021-10-12,-0.2732,1759.3,1794.7
2021-10-29,0.5859,1784.9,1796.9
2021-11-15,0.0,1868.0,1855.4
2021-12-07,0.267,1784.7,1785.5
2021-12-08,-0.8847,1785.5,1776.7
2021-12-14,-0.4019,1772.3,1764.5
2021-12-16,0.0,1798.2,1804.9
2021-12-22,0.3818,1802.2,1811.7
2022-01-03,-0.5106,1801.1,1815.8
2022-01-05,0.6369,1826.6,1791.0
2022-01-19,-0.4404,1844.7,1844.3
2022-01-24,-0.3818,1843.4,1854.1
2022-01-25,-0.21075,1854.1,1831.0
2022-02-03,0.0,1804.1,1807.8
2022-02-04,-0.38075,1807.8,1821.8
2022-02-08,0.34,1827.9,1836.6
2022-02-10,0.1909,1837.4,1842.1
2022-02-11,-0.2732,1842.1,1869.4
2022-02-14,0.128,1869.4,1856.2
2022-02-15,0.4268,1856.2,1871.5
2022-02-16,-0.1531,1871.5,1902.0
2022-02-18,-0.4588,1899.8,1907.4
2022-02-22,-0.5994,1907.4,1910.4
2022-02-24,-0.07395,1926.3,1889.2
2022-02-25,-0.27046,1889.2,1902.2
2022-02-28,0.2198,1902.2,1945.3
2022-03-01,-0.3887666666666666,1945.3,1924.6
2022-03-02,0.0,1924.6,1938.1
2022-03-03,-0.281525,1938.1,1968.9
2022-03-04,0.2023,1968.9,1998.7
2022-03-07,-0.4588,1998.7,2046.3
2022-03-08,-0.416,2046.3,1990.7
2022-03-09,0.3314,1990.7,2002.9
2022-03-14,-0.2997,1963.4,1932.6
2022-03-18,-0.3873,1931.7,1932.5
2022-03-28,-0.3182,1942.3,1915.2
2022-04-04,0.2273,1934.0,1927.5
2022-04-05,-0.1050571428571428,1927.5,1923.1
2022-04-06,-0.29785,1923.1,1937.8
2022-04-07,-0.0462599999999999,1937.8,1945.6
2022-04-08,-0.1242666666666666,1945.6,1948.2
2022-04-11,0.0594666666666666,1948.2,1976.1
2022-04-12,0.0881499999999999,1976.1,1984.7
2022-04-13,0.0861399999999999,1984.7,1974.9
2022-04-14,0.029925,1974.9,1966.95
2022-04-18,-0.1167,1986.4,1959.0
2022-04-19,-0.2259333333333333,1959.0,1955.6
2022-04-20,-0.099675,1955.6,1948.2
2022-04-21,0.28334,1948.2,1934.3
2022-04-22,-0.1076555555555555,1934.3,1896.0
2022-04-25,-0.0647333333333333,1896.0,1904.1
2022-04-26,-0.032075,1904.1,1888.7
2022-04-27,-0.2564499999999999,1888.7,1894.8
2022-04-28,0.05706,1894.8,1915.1
2022-04-29,-0.22362,1915.1,1867.0
2022-05-02,-0.1807714285714285,1867.0,1873.9
2022-05-03,0.1881333333333333,1873.9,1872.1
2022-05-04,0.3213749999999999,1872.1,1879.0
2022-05-05,-0.1117857142857142,1879.0,1886.2
2022-05-06,-0.54025,1886.2,1862.0
2022-05-09,-0.2161999999999999,1862.0,1844.4
2022-05-10,-0.2417666666666666,1844.4,1857.1
2022-05-11,0.0064799999999999,1857.1,1827.9
2022-05-12,-0.2180125,1827.9,1811.3
2022-05-13,-0.1421,1811.3,1816.8
2022-05-16,0.059,1816.8,1821.9
2022-05-17,0.1545666666666666,1821.9,1819.0
2022-05-18,-0.06138,1819.0,1844.0
2022-05-19,-0.04865,1844.0,1844.7
2022-05-20,-0.2466,1844.7,1850.6
2022-05-23,0.5471666666666667,1850.6,1868.4
2022-05-24,0.17302,1868.4,1849.2
2022-05-25,-0.2090571428571428,1849.2,1850.6
2022-05-26,0.1947,1850.6,1857.3
2022-05-27,0.1808199999999999,1857.3,1848.4
2022-05-30,0.25,1848.4,1848.4
2022-05-31,0.0204375,1848.4,1848.7
2022-06-01,0.3316333333333333,1848.7,1871.4
2022-06-02,0.2123,1871.4,1850.2
2022-06-03,-0.2170333333333333,1850.2,1843.7
2022-06-06,-0.0472499999999999,1843.7,1852.1
2022-06-07,0.1471166666666666,1852.1,1856.5
2022-06-08,0.43394,1856.5,1852.8
2022-06-09,0.1582,1852.8,1875.5
2022-06-10,-0.0302428571428571,1875.5,1831.8
2022-06-13,-0.35774,1831.8,1813.5
2022-06-14,-0.14758,1813.5,1819.6
2022-06-15,0.2801333333333333,1819.6,1849.9
2022-06-16,-0.19554,1849.9,1840.6
2022-06-17,-0.3071,1840.6,1838.8
2022-06-20,-0.1806,1838.8,1838.8
2022-06-21,-0.2211833333333333,1838.8,1838.4
2022-06-22,-0.19412,1838.4,1829.8
2022-06-24,-0.3548,1830.3,1824.8
2022-06-27,-0.3479111111111111,1824.8,1821.2
2022-06-28,-0.369425,1821.2,1822.0
2022-06-29,-0.054325,1822.0,1812.0
2022-06-30,-0.379525,1812.0,1805.9
2022-07-01,-0.1198166666666666,1805.9,1763.9
2022-07-04,0.3612,1763.9,1768.9
2022-07-05,-0.0992571428571428,1768.9,1741.3
2022-07-06,0.1313333333333333,1741.3,1744.1
2022-07-07,0.0011,1744.1,1746.7
2022-07-08,0.4222333333333333,1746.7,1735.9
2022-07-11,-0.0008833333333333,1735.9,1728.9
2022-07-12,-0.451325,1728.9,1739.5
2022-07-13,-0.186,1739.5,1709.9
2022-07-14,-0.23555,1709.9,1707.5
2022-07-15,0.3984666666666667,1707.5,1713.8
2022-07-18,0.11455,1713.8,1714.1
2022-07-19,-0.1506499999999999,1714.1,1703.9
2022-07-20,0.1542166666666667,1703.9,1717.3
2022-07-21,0.0836666666666666,1717.3,1731.4
2022-07-22,0.26426,1731.4,1723.2
2022-07-25,0.0326599999999999,1723.2,1721.9
2022-07-26,-0.2170714285714285,1721.9,1723.3
2022-07-27,-0.0871333333333333,1723.3,1759.0
2022-07-28,0.2262,1759.0,1771.5
2022-07-29,0.28914,1771.5,1777.6
2022-08-01,0.6486,1777.6,1779.7
2022-08-02,-0.207625,1779.7,1766.1
2022-08-03,0.1693428571428571,1766.1,1796.2
2022-08-04,-0.0185624999999999,1796.2,1780.5
2022-08-05,0.112775,1780.5,1794.3
2022-08-08,0.09122,1794.3,1801.5
2022-08-09,0.0258,1801.5,1803.3
2022-08-10,0.1658375,1803.3,1796.8
2022-08-11,-0.0685625,1796.8,1805.2
2022-08-12,0.1153,1805.2,1787.9
2022-08-15,0.0018,1787.9,1779.4
2022-08-16,-0.0219199999999999,1779.4,1766.5
2022-08-17,-0.2845999999999999,1766.5,1761.1
2022-08-18,0.0084333333333333,1761.1,1753.0
2022-08-19,0.0877,1753.0,1738.6
2022-08-22,0.0894666666666666,1738.6,1751.5
2022-08-23,-0.1851333333333333,1751.5,1752.0
2022-08-24,0.15164,1752.0,1761.8
2022-08-25,0.1503,1761.8,1740.6
2022-08-26,0.2351333333333333,1740.6,1740.5
2022-08-29,-0.30204,1740.5,1731.6
2022-08-30,-0.07195,1731.6,1721.4
2022-08-31,-0.0850333333333333,1721.4,1704.4
2022-09-01,-0.2440833333333333,1704.4,1717.7
2022-09-02,-0.068825,1717.7,1712.9
2022-09-05,0.0,1712.9,1707.9
2022-09-06,0.3991,1707.9,1722.8
2022-09-07,0.13602,1722.8,1715.3
2022-09-08,0.1827333333333333,1715.3,1723.6
2022-09-09,0.346,1723.6,1735.6
2022-09-12,0.0093666666666666,1735.6,1712.0
2022-09-13,0.21125,1712.0,1703.2
2022-09-14,0.1209999999999999,1703.2,1671.4
2022-09-15,-0.0645333333333333,1671.4,1677.9
2022-09-16,-0.1152857142857143,1677.9,1672.6
2022-09-19,0.0079571428571428,1672.6,1665.7
2022-09-20,-0.296,1665.7,1670.5
2022-09-21,-0.0258125,1670.5,1676.1
2022-09-22,-0.2299666666666666,1676.1,1650.0
2022-09-23,-0.2763857142857143,1650.0,1628.2
2022-09-26,-0.2183333333333333,1628.2,1631.1
2022-09-27,-0.2123333333333333,1631.1,1665.1
2022-09-28,0.0,1665.1,1668.6
2022-09-29,0.2259,1668.6,1672.0
2022-09-30,0.1375999999999999,1672.0,1702.0
2022-10-03,0.3151714285714285,1702.0,1730.5
2022-10-04,0.3479,1730.5,1720.8
2022-10-05,0.1069499999999999,1720.8,1720.8
2022-10-06,0.06494,1720.8,1709.3
2022-10-07,0.25572,1709.3,1675.2
2022-10-10,-0.1709999999999999,1675.2,1686.0
2022-10-11,-0.4085333333333333,1686.0,1677.5
2022-10-12,0.1062666666666666,1677.5,1677.0
2022-10-13,0.0887285714285714,1677.0,1648.9
2022-10-14,-0.2900999999999999,1648.9,1664.0
2022-10-17,-0.32285,1664.0,1655.8
2022-10-18,0.1826,1655.8,1634.2
2022-10-19,0.2400125,1634.2,1636.8
2022-10-20,-0.2433285714285714,1636.8,1656.3
2022-10-21,0.0158399999999999,1656.3,1654.1
2022-10-24,-0.2992,1654.1,1658.0
2022-10-25,0.08315,1658.0,1669.2
2022-10-26,0.200425,1669.2,1665.6
2022-10-27,-0.236,1665.6,1650.0
2022-10-28,-0.296,1650.0,1647.4
2022-10-31,-0.1901,1647.4,1656.9
2022-11-01,0.1186999999999999,1656.9,1656.9
2022-11-02,0.07274,1656.9,1637.8
2022-11-03,-0.0971333333333333,1637.8,1683.6
2022-11-04,0.49285,1683.6,1687.6
2022-11-07,0.23775,1687.6,1723.1
2022-11-08,0.0332285714285714,1723.1,1721.0
2022-11-09,0.0120166666666666,1721.0,1761.0
2022-11-10,-0.0272,1761.0,1776.6
2022-11-11,0.12212,1776.6,1784.0
2022-11-14,0.0,1784.0,1784.2
2022-11-15,0.0,1784.2,1783.5
2022-11-16,0.1011,1783.5,1770.6
2022-11-17,0.03786,1770.6,1762.0
2022-11-18,-0.10002,1762.0,1747.3
2022-11-21,0.1136333333333333,1747.3,1747.6
2022-11-22,-0.0531499999999999,1747.6,1753.3
2022-11-23,0.2239666666666666,1753.3,1754.0
2022-11-25,0.105375,1761.8,1748.1
2022-11-28,-0.2347199999999999,1748.1,1763.7
2022-11-29,-0.34675,1763.7,1759.9
2022-11-30,0.3797,1759.9,1815.2
2022-12-01,0.3462666666666666,1815.2,1809.6
2022-12-02,0.36824,1809.6,1781.3
2022-12-05,-0.0852666666666666,1781.3,1782.4
2022-12-06,-0.3207,1782.4,1798.0
2022-12-07,0.2110999999999999,1798.0,1801.5
2022-12-08,0.0007249999999999,1801.5,1810.7
2022-12-09,-0.1113625,1810.7,1792.3
2022-12-12,-0.1399999999999999,1792.3,1825.5
2022-12-13,0.0,1825.5,1818.7
2022-12-14,-0.2936666666666667,1818.7,1787.8
2022-12-15,-0.00875,1787.8,1800.2
2022-12-16,0.10482,1800.2,1797.7
2022-12-19,0.1531,1797.7,1825.4
2022-12-20,0.08804,1825.4,1825.4
2022-12-21,0.58365,1825.4,1795.3
2022-12-22,0.2739399999999999,1795.3,1804.2
2022-12-23,0.119175,1804.2,1810.0
2022-12-27,0.1518499999999999,1823.1,1815.8
2022-12-28,-0.1531,1815.8,1833.0
2022-12-29,0.0839599999999999,1833.0,1833.7
2022-12-30,0.2202,1833.7,1850.1
2023-01-03,-0.2364,1853.5,1866.5
2023-01-04,-0.0825666666666666,1866.5,1848.2
2023-01-05,-0.2065874999999999,1848.2,1876.9
2023-01-06,-0.1834666666666666,1876.9,1885.3
2023-01-09,-0.3004166666666666,1885.3,1884.3
2023-01-10,0.0571799999999999,1884.3,1886.4
2023-01-11,0.05575,1886.4,1906.2
2023-01-12,0.29972,1906.2,1929.1
2023-01-13,0.0258,1929.1,1909.9
2023-01-16,0.07138,1909.9,1917.6
2023-01-17,-0.1070999999999999,1917.6,1914.6
2023-01-18,-0.1413333333333333,1914.6,1931.4
2023-01-19,0.0623999999999999,1931.4,1935.8
2023-01-20,0.0646571428571428,1935.8,1936.2
2023-01-23,-0.07314,1936.2,1943.1
2023-01-24,0.0828333333333333,1943.1,1950.3
2023-01-25,0.1973,1950.3,1937.6
2023-01-26,-0.0265749999999999,1937.6,1936.6
2023-01-27,0.31195,1936.6,1939.2
2023-01-30,-0.20804,1939.2,1945.3
2023-01-31,0.4664,1945.3,1942.8
2023-02-01,-0.2890333333333333,1942.8,1930.8
2023-02-02,0.1424,1930.8,1876.6
2023-02-03,-0.1107,1876.6,1879.5
2023-02-06,-0.13252,1879.5,1884.8
2023-02-07,-0.0666571428571428,1884.8,1890.7
2023-02-08,0.22545,1890.7,1878.5
2023-02-09,0.0963,1878.5,1874.5
2023-02-10,-0.044975,1874.5,1863.5
2023-02-13,-0.22555,1863.5,1865.4
2023-02-14,0.0,1865.4,1845.3
2023-02-15,-0.0641199999999999,1845.3,1851.8
2023-02-16,-0.0374166666666666,1851.8,1850.2
2023-02-17,-0.1782,1850.2,1842.5
2023-02-20,-0.1998,1842.5,1842.5
2023-02-21,-0.0291799999999999,1842.5,1841.5
2023-02-22,-0.0257333333333333,1841.5,1826.8
2023-02-23,-0.3275,1826.8,1817.1
2023-02-24,-0.3046,1817.1,1832.8
2023-02-27,0.0977399999999999,1832.8,1844.6
2023-02-28,-0.0014833333333333,1844.6,1853.2
2023-03-01,0.0080666666666666,1853.2,1848.4
2023-03-02,0.0193,1848.4,1862.5
2023-03-03,0.2370499999999999,1862.5,1862.5
2023-03-06,-0.2333333333333333,1862.5,1827.8
2023-03-07,-0.05125,1827.8,1826.5
2023-03-08,-0.1591,1826.5,1842.5
2023-03-09,0.0342333333333333,1842.5,1875.1
2023-03-10,0.1100714285714285,1875.1,1924.2
2023-03-13,-0.1214666666666666,1924.2,1918.6
2023-03-14,-0.35455,1918.6,1939.2
2023-03-15,0.023211111111111,1939.2,1930.8
2023-03-16,-0.2263666666666667,1930.8,1981.3
2023-03-17,0.168425,1981.3,1991.0
2023-03-20,-0.12815,1991.0,1949.5
2023-03-21,-0.0105999999999999,1949.5,1957.8
2023-03-22,0.25085,1957.8,2004.1
2023-03-23,0.19718,2004.1,1992.4
2023-03-24,0.1069571428571428,1992.4,1962.2
2023-03-27,-0.3141,1962.2,1981.4
2023-03-28,0.0415999999999999,1981.4,1975.2
2023-03-29,-0.1462,1975.2,1997.7
2023-03-30,-0.0225833333333333,1997.7,1986.2
2023-03-31,0.2656142857142857,1986.2,2000.4
2023-04-03,-0.01218,2000.4,2038.2
2023-04-04,-0.0570428571428571,2038.2,2035.6
2023-04-05,-0.2766,2035.6,2026.4
2023-04-06,0.17715,2026.4,2022.7
2023-04-10,0.20212,2003.8,2019.0
2023-04-11,0.2121875,2019.0,2024.9
2023-04-12,0.118,2024.9,2055.3
2023-04-13,0.0912857142857142,2055.3,2015.8
2023-04-14,0.1124181818181818,2015.8,2007.0
2023-04-17,-0.3286,2007.0,2019.7
2023-04-18,0.2856599999999999,2019.7,2007.3
2023-04-19,-0.1445,2007.3,2019.1
2023-04-20,0.159175,2019.1,1990.5
2023-04-21,0.1012375,1990.5,1999.8
2023-04-24,-0.2269333333333333,1999.8,2004.5
2023-04-25,-0.14772,2004.5,1996.0
2023-04-26,0.0,1996.0,2008.1
2023-04-27,0.0787166666666666,2008.1,2008.6
2023-04-28,0.1388111111111111,2008.6,2002.0
2023-05-01,0.1476888888888889,2002.0,2033.2
2023-05-02,0.16296,2033.2,2046.9
2023-05-03,0.03612,2046.9,2065.6
2023-05-04,-0.0155285714285714,2065.6,2034.7
2023-05-05,0.1308666666666667,2034.7,2043.2
2023-05-08,0.3333833333333333,2043.2,2052.9
2023-05-09,-0.0182,2052.9,2047.0
2023-05-10,-0.1426599999999999,2047.0,2030.4
2023-05-11,-0.0096142857142857,2030.4,2029.7
2023-05-12,-0.1535142857142857,2029.7,2032.6
2023-05-15,-0.1922777777777777,2032.6,2002.8
2023-05-16,-0.0910666666666666,2002.8,1994.6
2023-05-17,-0.0563499999999999,1994.6,1969.4
2023-05-18,-0.0769714285714285,1969.4,1991.2
2023-05-19,-0.0403199999999999,1991.2,1986.7
2023-05-22,-0.364325,1986.7,1984.0
2023-05-23,-0.07555,1984.0,1974.1
2023-05-24,0.2837333333333333,1974.1,1953.2
2023-05-25,0.0412428571428571,1953.2,1954.0
2023-05-26,0.1191444444444444,1954.0,1977.1
2023-05-29,0.0,1977.1,1977.1
2023-05-30,0.0245,1977.1,1982.1
2023-05-31,0.19494,1982.1,1995.5
2023-06-01,-0.14985,1995.5,1969.6
2023-06-02,0.26976,1969.6,1974.3
2023-06-05,-0.22624,1974.3,1981.5
2023-06-06,0.2835333333333333,1981.5,1958.4
2023-06-07,-0.1338,1958.4,1978.6
2023-06-08,0.43335,1978.6,1977.2
2023-06-09,0.1996666666666666,1977.2,1969.7
2023-06-12,-0.10115,1969.7,1958.6
2023-06-13,-0.14245,1958.6,1968.9
2023-06-14,0.12655,1968.9,1970.7
2023-06-15,0.01104,1970.7,1971.2
2023-06-16,-0.1322375,1971.2,1947.7
2023-06-21,0.26025,1944.9,1923.7
2023-06-22,-0.2023,1923.7,1929.6
2023-06-23,-0.38354,1929.6,1933.8
2023-06-26,-0.2535111111111111,1933.8,1923.8
2023-06-27,-0.12118,1923.8,1922.2
2023-06-28,0.0603555555555555,1922.2,1926.6
2023-06-29,0.1558666666666666,1926.6,1938.3
2023-06-30,-0.1743,1938.3,1938.7
2023-07-03,-0.3818,1938.7,1927.1
2023-07-05,-0.0727799999999999,1936.4,1924.8
2023-07-06,0.0144142857142857,1924.8,1941.9
2023-07-07,-0.1210499999999999,1941.9,1940.4
2023-07-10,-0.1114799999999999,1940.4,1946.7
2023-07-11,-0.0065,1946.7,1971.4
2023-07-12,0.1336599999999999,1971.4,1973.4
2023-07-13,0.0469428571428571,1973.4,1974.0
2023-07-14,0.2855,1974.0,1966.0
2023-07-17,-0.1159333333333333,1966.0,1990.3
2023-07-18,0.1710833333333333,1990.3,1990.3
2023-07-19,0.0,1990.3,1980.5
2023-07-20,-0.0464714285714285,1980.5,1976.2
2023-07-21,0.09935,1976.2,1971.9
2023-07-24,0.1393,1971.9,1973.4
2023-07-25,0.05135,1973.4,1979.9
2023-07-26,0.2390333333333333,1979.9,1955.5
2023-07-27,0.1079666666666666,1955.5,1980.0
2023-07-28,0.2616,1980.0,1989.3
2023-07-31,0.1296,1989.3,1959.2
2023-08-01,-0.2089666666666666,1959.2,1955.5
2023-08-02,0.5394333333333333,1955.5,1949.4
2023-08-03,0.1662142857142857,1949.4,1956.6
2023-08-04,-0.16594,1956.6,1950.5
2023-08-07,-0.2454666666666666,1950.5,1940.5
2023-08-08,0.09535,1940.5,1931.5
2023-08-09,0.2526333333333333,1931.5,1930.0
2023-08-10,-0.3696,1930.0,1927.7
2023-08-11,-0.230225,1927.7,1925.2
2023-08-14,0.06575,1925.2,1916.5
2023-08-15,0.0164777777777777,1916.5,1909.8
2023-08-16,0.2583875,1909.8,1896.7
2023-08-17,0.0325111111111111,1896.7,1898.1
2023-08-18,-0.0212933333333333,1898.1,1905.1
2023-08-21,-0.0300538461538461,1905.1,1908.1
2023-08-22,-0.0054624999999999,1908.1,1929.9
2023-08-23,0.2644375,1929.9,1928.5
2023-08-24,0.0443071428571428,1928.5,1921.3
2023-08-25,0.0725153846153846,1921.3,1927.9
2023-08-28,-0.0228666666666666,1927.9,1946.1
2023-08-29,0.0879833333333333,1946.1,1963.7
2023-08-30,-0.0517857142857143,1963.7,1956.6
2023-08-31,-0.1209833333333333,1956.6,1957.8
2023-09-01,0.267675,1957.8,1952.6
2023-09-04,-0.1802333333333333,1952.6,1943.5
2023-09-05,0.050575,1943.5,1935.0
2023-09-06,-0.0164466666666666,1935.0,1933.3
2023-09-07,-0.0017692307692307,1933.3,1933.7
2023-09-08,-0.1244533333333333,1933.7,1938.2
2023-09-11,0.0885666666666666,1938.2,1926.1
2023-09-12,-0.16798,1926.1,1923.5
2023-09-13,0.0057,1923.5,1923.7
2023-09-14,-0.0461,1923.7,1937.0
2023-09-15,0.11025,1937.0,1944.3
2023-09-18,0.06312,1944.3,1944.5
2023-09-19,-0.0063090909090909,1944.5,1958.0
2023-09-20,0.024,1958.0,1930.4
2023-09-21,0.0140384615384615,1930.4,1936.3
2023-09-22,0.1383636363636363,1936.3,1927.4
2023-09-25,-0.1784692307692307,1927.4,1910.7
2023-09-26,-0.2494714285714285,1910.7,1881.7
2023-09-27,-0.1110368421052631,1881.7,1878.6
2023-09-28,0.117490909090909,1878.6,1866.1
2023-09-29,-0.0209307692307692,1866.1,1847.2
2023-10-02,-0.0030230769230769,1847.2,1841.5
2023-10-03,-0.0155466666666666,1841.5,1834.8
2023-10-04,0.0242136363636363,1834.8,1831.8
2023-10-05,0.0380318181818181,1831.8,1845.2
2023-10-06,0.0296454545454545,1845.2,1864.3
2023-10-09,-0.1856777777777777,1864.3,1875.3
2023-10-10,-0.06272,1875.3,1887.3
2023-10-11,0.0549727272727272,1887.3,1883.0
2023-10-12,0.04656,1883.0,1941.5
2023-10-13,-0.2115,1941.5,1934.3
2023-10-16,0.0585181818181818,1934.3,1935.7
2023-10-17,-0.0384266666666666,1935.7,1968.3
2023-10-18,0.0368928571428571,1968.3,1980.5
2023-10-19,0.0286454545454545,1980.5,1994.4
2023-10-20,0.0862421052631579,1994.4,1987.8
2023-10-23,-0.0466578947368421,1987.8,1986.1
2023-10-24,-0.0030428571428571,1986.1,1994.9
2023-10-25,0.1384277777777777,1994.9,1997.4
2023-10-26,-0.0632315789473684,1997.4,1998.5
2023-10-27,0.0181,1998.5,2015.0
2023-10-30,-0.0032454545454545,2015.0,2004.6
2023-10-31,-0.05056,2004.6,1997.8
2023-11-01,0.034025,1997.8,2003.9
2023-11-02,0.0662176470588235,2003.9,2009.7
2023-11-03,0.103985,2009.7,1999.3
2023-11-06,0.0551615384615384,1999.3,1984.1
2023-11-07,-0.0500761904761904,1984.1,1968.3
2023-11-08,0.1166705882352941,1968.3,1980.3
2023-11-09,0.0345826086956521,1980.3,1948.0
2023-11-10,-0.0084,1948.0,1960.6
2023-11-13,0.0636466666666666,1960.6,1977.0
2023-11-14,0.0118434782608695,1977.0,1974.7
2023-11-15,-0.0752571428571428,1974.7,1997.7
2023-11-16,0.0905749999999999,1997.7,1995.1
2023-11-17,0.0165461538461538,1995.1,1990.7
2023-11-20,0.0229294117647058,1990.7,2012.0
2023-11-21,0.27320625,2012.0,2003.4
2023-11-22,0.0380125,2003.4,2003.0
2023-11-23,0.2299999999999999,2003.0,2013.7
2023-11-24,0.1512272727272727,2013.7,2023.1
2023-11-27,-0.1154571428571428,2023.1,2050.5
2023-11-28,0.16375,2050.5,2067.1
2023-11-29,0.219495652173913,2067.1,2057.2
2023-11-30,0.0714454545454545,2057.2,2089.7
2023-12-01,0.2411,2089.7,2042.2
2023-12-04,0.158835294117647,2042.2,2036.3
2023-12-05,0.1316357142857142,2036.3,2047.9
2023-12-06,0.0302260869565217,2047.9,2046.4
2023-12-07,0.059975,2046.4,2014.5
2023-12-08,0.080485,2014.5,1993.7
2023-12-11,-0.0038727272727272,1993.7,1993.2
2023-12-12,0.040735294117647,1993.2,1997.3
2023-12-13,0.0583437499999999,1997.3,2044.9
2023-12-14,0.15552,2044.9,2035.7
2023-12-15,0.1266739130434782,2035.7,2040.5
2023-12-18,0.0084071428571428,2040.5,2052.1
2023-12-19,0.2549571428571428,2052.1,2047.7
2023-12-20,0.2625454545454545,2047.7,2051.3
2023-12-21,0.0280105263157894,2051.3,2069.1
2023-12-22,0.0907529411764705,2069.1,2081.1
2023-12-26,0.2813857142857143,2069.8,2093.1
2023-12-27,0.1510857142857142,2093.1,2093.1
2023-12-28,0.2540727272727273,2093.1,2081.4
2023-12-29,-0.0015923076923076,2081.4,2066.95
2024-01-02,0.08846,2083.0,2052.5
2024-01-03,0.05155625,2052.5,2059.6
2024-01-04,0.12802,2059.6,2059.7
2024-01-05,0.1791142857142857,2059.7,2043.2
2024-01-08,-0.0160428571428571,2043.2,2042.7
2024-01-09,-0.076775,2042.7,2037.5
2024-01-10,0.2211214285714285,2037.5,2028.9
2024-01-11,0.0595058823529411,2028.9,2061.1
2024-01-12,-0.0218083333333333,2061.1,2030.2
2024-01-15,-0.07032,2030.2,2039.7
2024-01-16,0.1223833333333333,2039.7,2015.9
2024-01-17,-0.0621833333333333,2015.9,2031.1
2024-01-18,0.1018846153846153,2031.1,2038.5
2024-01-19,0.0641470588235294,2038.5,2031.5
2024-01-22,0.2255555555555556,2031.5,2035.2
2024-01-23,0.11985,2035.2,2025.4
2024-01-24,0.01495,2025.4,2027.1
2024-01-25,-0.0761538461538461,2027.1,2026.6
2024-01-26,-0.0284714285714285,2026.6,2034.9
2024-01-29,0.01425,2034.9,2050.9
2024-01-30,-0.0572642857142857,2050.9,2067.4
2024-01-31,0.1780117647058823,2067.4,2071.1
2024-02-01,-0.0921714285714285,2071.1,2053.7
2024-02-02,0.17345,2053.7,2042.9
2024-02-05,-0.1091,2042.9,2051.4
2024-02-06,-0.03448,2051.4,2051.7
2024-02-07,0.1362,2051.7,2047.9
2024-02-08,0.004455,2047.9,2038.7
2024-02-09,-0.1531866666666666,2038.7,2033.0
2024-02-12,-0.09945,2033.0,2007.2
2024-02-13,0.096,2007.2,2004.3
2024-02-14,0.17725,2004.3,2014.9
2024-02-15,0.3277,2014.9,2024.1
2024-02-16,-0.1012176470588235,2024.1,2039.8
2024-02-19,-0.15418,2039.8,2039.8
2024-02-20,-0.0415846153846153,2039.8,2034.3
2024-02-21,0.0592777777777777,2034.3,2030.7
2024-02-22,0.0539833333333333,2030.7,2049.4
2024-02-23,0.1302055555555555,2049.4,2038.9
2024-02-26,0.0574,2038.9,2044.1
2024-02-27,0.0815692307692307,2044.1,2052.4
2024-02-28,0.1504772727272727,2052.4,2064.4
2024-02-29,-0.0853083333333333,2064.4,2105.5
2024-03-01,0.17897,2105.5,2136.2
2024-03-04,0.0771375,2136.2,2151.8
2024-03-05,0.0640849999999999,2151.8,2168.0
2024-03-06,0.13279375,2168.0,2175.0
2024-03-07,-0.0471058823529411,2175.0,2195.3
2024-03-08,0.0681866666666666,2195.3,2198.8
2024-03-11,-0.0095888888888888,2198.8,2176.5
2024-03-12,-0.0172466666666666,2176.5,2191.1
2024-03-13,-0.0117785714285714,2191.1,2177.8
2024-03-14,0.0468555555555555,2177.8,2171.6
2024-03-15,-0.1537111111111111,2171.6,2174.5
2024-03-18,-0.0354222222222222,2174.5,2169.8
2024-03-19,-0.2247444444444444,2169.8,2171.0
2024-03-20,-0.0038333333333333,2171.0,2195.0
2024-03-21,0.09255,2195.0,2170.2
2024-03-22,0.08463125,2170.2,2186.8
2024-03-25,-0.1061999999999999,2186.8,2187.8
2024-03-26,0.1896857142857143,2187.8,2212.7
2024-03-27,-0.0132733333333333,2212.7,2238.4
2024-03-28,0.1685833333333333,2238.4,2260.1000000000004
2024-04-01,0.2291714285714285,2257.1,2281.8
2024-04-02,-0.1263882352941176,2281.8,2315.0
2024-04-03,-0.0908714285714285,2315.0,2308.5
2024-04-04,0.0421444444444444,2308.5,2345.4
2024-04-05,-0.0091722222222222,2345.4,2351.0
2024-04-08,0.2106916666666666,2351.0,2362.4
2024-04-09,-0.2221,2362.4,2348.4
2024-04-10,-0.0400368421052631,2348.4,2372.7
2024-04-11,0.0530879999999999,2372.7,2374.1
2024-04-12,-0.0135869565217391,2374.1,2383.0
2024-04-15,0.0141944444444444,2383.0,2407.8
2024-04-16,0.1107555555555555,2407.8,2388.4
2024-04-17,-0.0750437499999999,2388.4,2398.0
2024-04-18,-0.0467071428571428,2398.0,2413.8
2024-04-19,-0.1040454545454545,2413.8,2346.4
2024-04-22,0.0562529411764705,2346.4,2342.1
2024-04-23,0.0795125,2342.1,2338.4
2024-04-24,0.1584833333333333,2338.4,2342.5
2024-04-25,0.13892,2342.5,2347.2
2024-04-26,0.0397,2347.2,2370.0
2024-04-29,-0.1254727272727273,2370.0,2313.4
2024-04-30,0.0118882352941176,2313.4,2321.5
2024-05-01,0.06535,2321.5,2320.0
2024-05-02,-0.0207166666666666,2320.0,2319.1
2024-05-03,0.3044615384615384,2319.1,2341.6
2024-05-06,0.2092076923076923,2341.6,2334.8
2024-05-07,0.1210142857142857,2334.8,2332.8
2024-05-08,-0.0462833333333333,2332.8,2350.9
2024-05-09,0.1982529411764705,2350.9,2385.6
2024-05-10,0.06243125,2385.6,2353.8
2024-05-13,0.0153866666666666,2353.8,2370.6
2024-05-14,0.0756076923076922,2370.6,2405.8
2024-05-15,-0.0025210526315789,2405.8,2396.4
2024-05-16,-0.0413571428571428,2396.4,2428.6
2024-05-17,0.1975157894736842,2428.6,2449.5
2024-05-20,0.0231857142857142,2449.5,2436.9
2024-05-21,0.0771,2436.9,2403.7
2024-05-22,-0.0198999999999999,2403.7,2348.2
2024-05-23,0.0502947368421052,2348.2,2345.4
2024-05-24,-0.0109363636363636,2345.4,2356.5
2024-05-27,0.1591,2356.5,2367.3
2024-05-28,0.1762916666666666,2367.3,2352.0
2024-05-29,-0.0689285714285714,2352.0,2366.5
2024-05-30,-0.04193125,2366.5,2345.8
2024-05-31,0.1359071428571428,2345.8,2369.3
2024-06-03,0.0896571428571428,2369.3,2347.4
2024-06-04,0.13664,2347.4,2375.5
2024-06-05,0.0720588235294117,2375.5,2390.9
2024-06-06,-0.0592166666666666,2390.9,2325.0
2024-06-07,0.0243307692307692,2325.0,2327.0
2024-06-10,0.0701076923076923,2327.0,2326.6
2024-06-11,0.0892363636363636,2326.6,2354.8
2024-06-12,0.1761428571428571,2354.8,2318.0
2024-06-13,0.0651266666666666,2318.0,2349.1
2024-06-14,0.0059687499999999,2349.1,2329.0
2024-06-17,-0.0317166666666666,2329.0,2346.9
2024-06-18,0.2300538461538461,2346.9,2339.05
2024-06-20,0.04472,2369.0,2331.2
2024-06-21,0.0120642857142857,2331.2,2344.4
2024-06-24,0.0637222222222222,2344.4,2330.8
2024-06-25,0.2062538461538461,2330.8,2313.2
2024-06-26,0.1177125,2313.2,2348.7
2024-06-27,-0.0797833333333333,2348.7,2350.9
2024-06-28,0.0236619047619047,2350.9,2350.8
2024-07-01,-0.0894583333333333,2350.8,2345.6
2024-07-02,-0.06624,2345.6,2381.9
2024-07-03,0.1257466666666666,2381.9,2379.05
2024-07-05,0.0206666666666666,2410.2,2376.2
2024-07-08,0.0967,2376.2,2380.5
2024-07-09,0.0816333333333333,2380.5,2392.5
2024-07-10,0.0168083333333333,2392.5,2434.9
2024-07-11,0.05266875,2434.9,2433.8
2024-07-12,-0.1319307692307692,2433.8,2442.1
2024-07-15,-0.0083933333333333,2442.1,2481.0
2024-07-16,0.0846117647058823,2481.0,2473.2
2024-07-17,0.1174807692307692,2473.2,2469.8
2024-07-18,0.14672,2469.8,2412.2
2024-07-19,0.0620099999999999,2412.2,2407.7
2024-07-22,-0.1182923076923076,2407.7,2420.2
2024-07-23,0.1429958333333333,2420.2,2428.7
2024-07-24,-0.076895652173913,2428.7,2366.1
2024-07-25,0.0037799999999999,2366.1,2393.7
2024-07-26,0.14714,2393.7,2390.7
2024-07-29,0.0906,2390.7,2428.4
2024-07-30,0.16595625,2428.4,2449.3
2024-07-31,0.079284,2449.3,2457.1
2024-08-01,0.182165,2457.1,2447.3
2024-08-02,0.0139722222222222,2447.3,2422.6
2024-08-05,0.1035454545454545,2422.6,2409.3
2024-08-06,-0.1155235294117647,2409.3,2410.3
2024-08-07,-0.0191291666666666,2410.3,2440.8
2024-08-08,0.2217941176470588,2440.8,2450.4
2024-08-09,0.0571916666666666,2450.4,2480.8
2024-08-12,-0.0972249999999999,2480.8,2484.9
2024-08-13,0.0161999999999999,2484.9,2457.1
2024-08-14,-0.1516266666666666,2457.1,2469.4
2024-08-15,0.0772866666666666,2469.4,2514.5
2024-08-16,-0.0707473684210526,2514.5,2518.1
2024-08-19,0.0626,2518.1,2527.4
2024-08-20,-0.0638624999999999,2527.4,2524.1
2024-08-21,0.0039142857142857,2524.1,2493.5
2024-08-22,-0.0549,2493.5,2522.6
2024-08-23,0.10175,2522.6,2531.4
2024-08-26,0.03973,2531.4,2529.3
2024-08-27,-0.0974692307692307,2529.3,2514.3
2024-08-28,-0.0092499999999999,2514.3,2547.7
2024-08-29,0.0013266666666666,2547.7,2516.0
2024-08-30,0.0586541666666666,2516.0,2515.2
2024-09-03,-0.0308416666666666,2511.4,2514.4
2024-09-04,-0.177,2514.4,2531.6
2024-09-05,-0.0414954545454545,2531.6,2513.2
2024-09-06,0.125515,2513.2,2521.3
2024-09-09,0.0312944444444444,2521.3,2531.6
2024-09-10,-0.03718125,2531.6,2530.9
2024-09-11,-0.0599954545454545,2530.9,2569.1
2024-09-12,0.1024478260869565,2569.1,2599.1
2024-09-13,0.017395,2599.1,2597.3
2024-09-16,-0.076468,2597.3,2580.8
2024-09-17,-0.1026863636363636,2580.8,2587.0
2024-09-18,-0.1426323529411764,2587.0,2602.9
2024-09-19,0.1115279999999999,2602.9,2634.6
2024-09-20,-0.0366058823529411,2634.6,2640.9
2024-09-23,0.1567941176470588,2640.9,2665.2
2024-09-24,0.0192285714285714,2665.2,2673.0
2024-09-25,0.1116611111111111,2673.0,2682.9
2024-09-26,0.1234173913043478,2682.9,2668.1
2024-09-27,0.1573944444444444,2668.1,2659.4
2024-09-30,0.08104,2659.4,2690.3
2024-10-01,-0.0166578947368421,2690.3,2690.3
